Character,Species,Study,Job / Title,Card id,Card type,Set,Cost,Rarity,Expansion,Shift delay,Shift output,Power score,Rules text
Abigail,Otter,Food,Counter Girl,mk_abigail_counter_girl_1,character,AF-MAKER-01,1,Uncommon,AF-MAKER-01,1,2,4.29,"A short shift: 1 turn, 2 Supply."
Abigail,Otter,Entertainment,Five Minutes on a Slow Night,mk_abigail_five_minutes_2,character,AF-MAKER-01,2,Rare,AF-MAKER-01,1,3,5.13,"A shift: 1 turn, 3 Supply."
Abigail,Otter,Food,Gwen's Best Waitress,mk_abigail_best_waitress_4,character,AF-MAKER-01,4,Common,AF-MAKER-01,2,5,4.42,"A shift: 2 turns, 5 Supply."
Abigail,Otter,Entertainment,The Standing Slot,mk_abigail_standing_slot_5,character,AF-MAKER-01,5,Common,AF-MAKER-01,2,6,4.98,"A shift: 2 turns, 6 Supply."
Adam,Badger,Civics,Road Mender,mk_adam_road_mender_1,character,AF-MAKER-01,1,Uncommon,AF-MAKER-01,1,2,4.29,"A short shift: 1 turn, 2 Supply."
Adam,Badger,Civics,Road Gang,mk_adam_road_gang_2,character,AF-MAKER-01,2,Uncommon,AF-MAKER-01,1,2,4.23,"When Adam completes a shift, take a Building token."
Adam,Badger,Civics,Surveyor of Ways,mk_adam_surveyor_of_ways_4,character,AF-MAKER-01,4,Common,AF-MAKER-01,2,5,4.42,"Upgrades Adam. A steady shift: 2 turns, 5 Supply."
Adam,Badger,Civics,Road Construction,mk_adam_road_construction_5,character,AF-MAKER-01,5,Legendary,AF-MAKER-01,2,5,8.57,"Upgrades Adam. A long shift: 2 turns, 5 Supply. When Adam finishes a shift, gain 2 Supply and take a Building token. At the start of your turn, Buildings cost you 2 less."
Andrew,Owl,Lore,Night Copyist,mk_andrew_night_copyist_0,character,AF-MAKER-01,0,Super Rare,AF-MAKER-01,1,2,3.89,"A short shift: 1 turn, 1 Supply."
Andrew,Owl,Lore,Keeper of the Late Desk,mk_andrew_keeper_of_the_late_desk_2,character,AF-MAKER-01,2,Rare,AF-MAKER-01,2,5,4.83,"Upgrades Andrew. A steady shift: 2 turns, 3 Supply."
Andrew,Owl,Crafts,Hand Copyist,mk_andrew_hand_copyist_3,character,AF-MAKER-01,3,Uncommon,AF-MAKER-01,2,5,4.73,"A steady shift: 2 turns, 4 Supply."
Andrew,Owl,Lore,The Late Desk,mk_andrew_the_late_desk_4,character,AF-MAKER-01,4,Rare,AF-MAKER-01,2,3,5.1,Upgrades Andrew. Busy: look at the top two cards of the Market Deck and put one of them on the bottom.
Annabelle,Raccoon,Lore,Paper Sorter,mk_annabelle_paper_sorter_0,character,AF-MAKER-01,0,Common,AF-MAKER-01,1,1,2.22,"A short shift: 1 turn, 1 Supply."
Annabelle,Raccoon,Lore,Last One Up,mk_annabelle_last_one_up_2,character,AF-MAKER-01,2,Legendary,AF-MAKER-01,2,3,6.77,"Upgrades Annabelle. At the start of your turn, if she is the only Raccoon you have standing, gain 2 Supply and draw a card."
Annabelle,Raccoon,Lore,Salvage Archivist,mk_annabelle_salvage_archivist_3,character,AF-MAKER-01,3,Common,AF-MAKER-01,2,4,4.05,"Upgrades Annabelle. A steady shift: 2 turns, 4 Supply."
Baby Mouse,Mouse,Lore,Pup,mk_baby_mouse_pup_0,character,AF-MAKER-01,0,Uncommon,AF-MAKER-01,3,1,2.66,"A very long shift: 3 turns, 1 Supply. Any Mouse costing more than 2 may be played over Baby Mouse as an upgrade, and pays as though Baby Mouse cost 2."
Badger Cub,Badger,Crafts,Cub,mk_badger_cub_cub_0,character,AF-MAKER-01,0,Uncommon,AF-MAKER-01,3,1,2.66,"A very long shift: 3 turns, 1 Supply. Any Badger costing more than 2 may be played over Badger Cub as an upgrade, and pays as though Badger Cub cost 2."
Balto,Owl,Crafts,Bench Owl,mk_balto_bench_owl_0,character,AF-MAKER-01,0,Rare,AF-MAKER-01,1,1,3.65,"When Balto is recruited, your Owl and Badger Characters' next shift each produces 1 extra Supply."
Balto,Owl,Crafts,Cabinetmaker,mk_balto_cabinetmaker_1,character,AF-MAKER-01,1,Super Rare,AF-MAKER-01,1,1,5.38,Upgrades Balto. Busy: your Owl and Badger Characters' next shift each produces 1 extra Supply.
Balto,Owl,Commerce,Shopkeeper,mk_balto_shopkeeper_2,character,AF-MAKER-01,2,Super Rare,AF-MAKER-01,1,2,5.17,"Upgrades Balto. When Balto completes a shift, gain 2 Supply."
Balto,Owl,Crafts,Furniture Craftsman,mk_balto_furniture_craftsman_3,character,AF-MAKER-01,3,Super Rare,AF-MAKER-01,2,3,5.47,Upgrades Balto. Busy: your Owl and Badger Characters' next shift each produces 1 extra Supply.
Balto,Owl,Commerce,Guild Furniture Broker,mk_balto_guild_furniture_broker_5,character,AF-MAKER-01,5,Legendary,AF-MAKER-01,2,4,10.57,"Upgrades Balto. At the start of your turn, your Owl and Badger Characters' next shift each produces 2 extra Supply, and gain 2 Supply."
Barnaby,Owl,Commerce,Night Auditor,mk_barnaby_night_auditor_4,marketCharacter,AF-MAKER-01,4,Super Rare,AF-MAKER-01,2,2,5.45,"Hired from the Capital City; enters Busy. At the start of your turn, look at the top four cards of your deck and send any of them to your Town Dump."
Barrow,Badger,Crafts,Stonecutter,mk_barrow_stonecutter_5,marketCharacter,AF-MAKER-01,5,Super Rare,AF-MAKER-01,2,5,6.6,"Hired from the Capital City; enters Busy. While Barrow is upright, your first bid each turn counts as 1 higher. At the start of your turn, Buildings cost you 1 less."
Bean,Owl,Food,Espresso Puller,mk_bean_espresso_1,character,AF-MAKER-01,1,Rare,AF-MAKER-01,1,1,4.4,Busy: one of your other Characters turns one step toward upright.
Bean,Owl,Food,Two Pairs of Paws,mk_bean_two_pairs_of_paws_2,character,AF-MAKER-01,2,Rare,AF-MAKER-01,1,2,5.06,"Upgrades Bean. When Bean is recruited, Bean and Peanut work together: while both are in your town, each of their shifts pays 2 more Supply."
Bean,Owl,Food,Barista,mk_bean_barista_3,character,AF-MAKER-01,3,Uncommon,AF-MAKER-01,2,3,4.74,"When Bean becomes upright, one of your other Characters turns one step toward upright."
Bean,Owl,Food,The Early Shift,mk_bean_the_early_shift_4,character,AF-MAKER-01,4,Uncommon,AF-MAKER-01,2,4,5,"Upgrades Bean. Busy, pay 2 Supply: look at the top three cards of the Market Deck and put one of them on the bottom."
Bean,Owl,Food,Café Proprietor,mk_bean_proprietor_5,character,AF-MAKER-01,5,Rare,AF-MAKER-01,2,6,6.4,"At the start of your turn, one of your other Characters turns one step toward upright."
Beck,Raccoon,Civics,The Relief Roll,mk_beck_the_relief_roll_0,character,AF-MAKER-01,0,Common,AF-MAKER-01,2,1,2.19,"Whenever any Character is sent to Unemployment, gain 1 Supply."
Beck,Raccoon,Lore,Bylaw Reader,mk_beck_bylaw_reader_1,character,AF-MAKER-01,1,Common,AF-MAKER-01,3,1,3.04,"A long shift: 3 turns, then 1 Supply. When Beck completes a shift, draw 1 card."
Beck,Raccoon,Civics,Ward Clerk,mk_beck_ward_clerk_2,character,AF-MAKER-01,2,Rare,AF-MAKER-01,1,2,4.9,"When Beck completes a shift, you may return an Event from your Town Dump to your hand."
Beck,Raccoon,Civics,Lamplighter’s Clerk,mk_beck_lamplighters_clerk_3,character,AF-MAKER-01,3,Super Rare,AF-MAKER-01,2,3,5.34,"Upgrades Beck. When Beck becomes upright, take a Market card from the City Dump and gain it."
Beck,Raccoon,Lore,Candlelight Reader,mk_beck_candlelight_reader_4,character,AF-MAKER-01,4,Uncommon,AF-MAKER-01,2,4,4.78,Upgrades Beck. The first Event you play each turn that requires Lore lets you take a card from the City Dump.
Beck,Raccoon,Civics,Keeper of the Ward Book,mk_beck_keeper_of_the_ward_book_5,character,AF-MAKER-01,5,Rare,AF-MAKER-01,2,5,5.96,"Upgrades Beck. Your challenge bids win ties. When Beck completes a shift, you may return an Event from your Town Dump to your hand."
Bella,Mouse,Agriculture,Forager,mk_bella_forager_0,character,AF-MAKER-01,0,Super Rare,AF-MAKER-01,1,1,4.13,"When Bella is recruited, your next Event needs one fewer Character. If you control no Buildings, gain 2 Supply as well."
Bella,Mouse,Science,Field Scientist,mk_bella_field_scientist_1,character,AF-MAKER-01,1,Rare,AF-MAKER-01,1,1,4.57,"Upgrades Bella. When Bella completes a shift, draw 1 card, and gain 1 Supply as well if you control one Building or none."
Bella,Mouse,Lore,Field Recorder,mk_bella_field_recorder_2,character,AF-MAKER-01,2,Rare,AF-MAKER-01,1,2,4.76,Upgrades Bella. Busy: return an Event from your Town Dump to the bottom of your deck.
Bella,Mouse,Agriculture,Wildlife Warden,mk_bella_wildlife_warden_3,character,AF-MAKER-01,3,Rare,AF-MAKER-01,2,3,4.77,Upgrades Bella. Busy: return an Event from your Town Dump to your hand.
Bella,Mouse,Science,Science Hall Fellow,mk_bella_science_hall_fellow_4,character,AF-MAKER-01,4,Uncommon,AF-MAKER-01,2,4,4.91,"Upgrades Bella. When Bella becomes upright, you may rehire a Science Character from your Unemployment for 1 Supply less."
Bella,Mouse,Agriculture,Ecologist,mk_bella_ecologist_5,character,AF-MAKER-01,5,Common,AF-MAKER-01,2,4,5.1,"Upgrades Bella. Your first Event each turn needs one fewer Character, and while you control three Buildings or fewer the first Event you play each turn also gives you 1 Supply."
Benjamin,Otter,Lore,Wick Trimmer,mk_benjamin_wick_trimmer_0,character,AF-MAKER-01,0,Rare,AF-MAKER-01,1,1,3.06,Recruit: choose another Character you control; it becomes upright at the start of your next turn.
Benjamin,Otter,Crafts,Lantern Maker,mk_benjamin_lantern_maker_2,character,AF-MAKER-01,2,Rare,AF-MAKER-01,1,2,4.76,Upgrades Benjamin. Busy: return an Event from your Town Dump to the bottom of your deck.
Benjamin,Otter,Civics,Town Historian,mk_benjamin_town_historian_3,character,AF-MAKER-01,3,Super Rare,AF-MAKER-01,2,3,5.83,"Upgrades Benjamin. Busy: move a shift from one of your Characters to another, then return an Event from your Town Dump to the bottom of your deck."
Benjamin,Otter,Crafts,Master Lantern Maker,mk_benjamin_master_lantern_maker_4,character,AF-MAKER-01,4,Super Rare,AF-MAKER-01,2,3,6.03,"Upgrades Benjamin. Busy: move a shift from one of your Characters to another, then you may take a card costing 3 or less back out of your Town Dump into your hand."
Benjamin,Otter,Lore,Keeper of the Light,mk_benjamin_keeper_of_the_light_5,character,AF-MAKER-01,5,Rare,AF-MAKER-01,2,5,6.46,"Upgrades Benjamin. At the start of your turn, you may take any card back out of your Town Dump into your hand."
Berry,Hedgehog,Crafts,Retired Tinker,mk_berry_tinker_0,character,AF-MAKER-01,0,Super Rare,AF-MAKER-01,1,1,3.77,"When Berry is recruited, Berry cannot be targeted by an opponent's effect until your next turn."
Berry,Hedgehog,Science,Clockmaker,mk_berry_clockmaker_1,character,AF-MAKER-01,1,Uncommon,AF-MAKER-01,1,1,4.02,"Upgrades Berry. When Berry becomes upright, look at the top three cards of your deck and put them back in any order."
Berry,Hedgehog,Civics,Committee Volunteer,mk_berry_committee_2,character,AF-MAKER-01,2,Uncommon,AF-MAKER-01,1,2,4.71,"Upgrades Berry. When Berry is recruited, you may rehire a Character from your Unemployment for 2 less Supply."
Berry,Hedgehog,Science,Consulting Engineer,mk_berry_engineer_3,character,AF-MAKER-01,3,Uncommon,AF-MAKER-01,2,3,4.42,Upgrades Berry. Busy: the next shift you complete produces 1 extra Supply.
Berry,Hedgehog,Crafts,Workshop Elder,mk_berry_workshop_elder_4,character,AF-MAKER-01,4,Uncommon,AF-MAKER-01,2,4,4.63,"Upgrades Berry. While Berry is in town, your Characters cannot be sent to Unemployment by an effect."
Berry,Hedgehog,Civics,Guild Warden,mk_berry_guild_warden_5,character,AF-MAKER-01,5,Legendary,AF-MAKER-01,2,5,8.55,"Upgrades Berry. When Berry becomes upright, you may rehire a Character from your Unemployment for 3 less Supply, and one of your other Characters cannot be targeted by an opponent until your next turn."
Betty,Hedgehog,Agriculture,Barn Sweeper,mk_betty_barn_sweeper_0,character,AF-MAKER-01,0,Rare,AF-MAKER-01,1,1,3.08,"When Betty completes a shift, gain 1 Supply."
Betty,Hedgehog,Crafts,Whittler,mk_betty_whittler_1,character,AF-MAKER-01,1,Legendary,AF-MAKER-01,1,2,6.25,"Upgrades Betty. When Betty is recruited, Betty cannot be targeted by an opponent's effect until your next turn, and gain 1 Supply."
Betty,Hedgehog,Agriculture,Stump Blaster,mk_betty_stump_blaster_2,character,AF-MAKER-01,2,Rare,AF-MAKER-01,1,2,4.96,"Upgrades Betty. When Betty becomes upright, gain 2 Supply, then discard a card."
Betty,Hedgehog,Crafts,Firework Maker,mk_betty_firework_maker_3,character,AF-MAKER-01,3,Uncommon,AF-MAKER-01,2,3,4.28,"Upgrades Betty. While Betty is in town, your Characters cannot be sent to Unemployment by an opponent."
Betty,Hedgehog,Science,Powder Chemist,mk_betty_powder_chemist_4,character,AF-MAKER-01,4,Rare,AF-MAKER-01,2,3,5.29,"Upgrades Betty. When Betty becomes upright, if you control another Science Character, draw 2 cards."
Betty,Hedgehog,Agriculture,Land Clearer,mk_betty_land_clearer_5,character,AF-MAKER-01,5,Legendary,AF-MAKER-01,2,6,8.86,"Upgrades Betty. When Betty becomes upright, gain 2 Supply, and another Character you control cannot be targeted by an opponent's effect until your next turn."
Biff,Hedgehog,Civics,Cadet Constable,mk_biff_cadet_constable_0,character,AF-MAKER-01,0,Common,AF-MAKER-01,1,1,2.22,"A short shift: 1 turn, 1 Supply."
Biff,Hedgehog,Civics,Beat Constable,mk_biff_beat_constable_2,character,AF-MAKER-01,2,Super Rare,AF-MAKER-01,1,2,5.16,"When Biff becomes upright, one of your opponent's Characters is put back to work, turning one step away from upright."
Biff,Hedgehog,Civics,Chief Constable,mk_biff_chief_constable_4,character,AF-MAKER-01,4,Legendary,AF-MAKER-01,2,3,7.12,"Upgrades Biff. When Biff becomes upright, two of your opponent's Characters are each put back to work, and you may rehire a Character from your Unemployment for 2 less Supply."
Bob,Hedgehog,Civics,Off the Gate,mk_bob_the_morning_they_share_1,character,AF-MAKER-01,1,Rare,AF-MAKER-01,1,1,4.63,"At the start of your turn, if you control Betty, gain 3 Supply."
Bob,Hedgehog,Commerce,Gate Tolls,mk_bob_gate_tolls_2,character,AF-MAKER-01,2,Common,AF-MAKER-01,2,3,3.39,"A steady shift: 2 turns, 3 Supply."
Bob,Hedgehog,Civics,Gate Attendant,mk_bob_gate_attendant_4,marketCharacter,AF-MAKER-01,4,Super Rare,AF-MAKER-01,2,3,5.72,"Hired from the Capital City; enters Busy. While Bob is displayed in the Capital City, every pledge in an auction must be one step more expensive than usual. While Bob is upright in your town, your opponent cannot raise a pending bid."
Brett,Badger,Civics,Retained Counsel,mk_brett_counsel_5,marketCharacter,AF-MAKER-01,5,Uncommon,AF-MAKER-01,2,5,5.81,"Hired from the Capital City; enters Busy, and goes home after three of your turns. Your challenge bids win ties. When an opponent challenges one of your purchases, gain 2 Supply."
Brooke,Otter,Commerce,Mooring Hand,mk_brooke_mooring_hand_0,character,AF-MAKER-01,0,Common,AF-MAKER-01,1,1,2.22,"A short shift: 1 turn, 1 Supply."
Brooke,Otter,Commerce,Dock Hand,mk_brooke_dock_hand_1,character,AF-MAKER-01,1,Common,AF-MAKER-01,2,2,3.69,"When Brooke is recruited, another Character you control is upright at the start of your next turn."
Brooke,Otter,Lore,Ferry Hand,mk_brooke_ferry_hand_2,character,AF-MAKER-01,2,Rare,AF-MAKER-01,1,2,4.84,"Upgrades Brooke. When Brooke completes a shift, draw 1 card."
Brooke,Otter,Entertainment,Regatta Caller,mk_brooke_regatta_caller_3,character,AF-MAKER-01,3,Rare,AF-MAKER-01,2,3,4.95,Upgrades Brooke. Busy: move a shift from one of your Characters to another.
Brooke,Otter,Science,Balloonist,mk_brooke_balloonist_4,character,AF-MAKER-01,4,Rare,AF-MAKER-01,2,3,5.2,"Upgrades Brooke. When Brooke becomes upright, look at the top two cards of the Market Deck and draw 1 card."
Brooke,Otter,Science,Aeronaut,mk_brooke_aeronaut_5,character,AF-MAKER-01,5,Legendary,AF-MAKER-01,2,5,8.52,"Upgrades Brooke. A long shift: 2 turns, 5 Supply. When Brooke becomes upright, look at the top two cards of the Market Deck and put them back in any order, draw 1 card, and move a shift from one of your Characters to another."
Brooke,Otter,Crafts,Riverwright,mk_brooke_riverwright_5,character,AF-MAKER-01,5,Rare,AF-MAKER-01,2,5,6,"Upgrades Brooke. Whenever an opponent challenges one of your purchases, gain 2 Supply and draw 1 card."
Bunny,Rabbit,Agriculture,Kit,mk_bunny_kit_0,character,AF-MAKER-01,0,Uncommon,AF-MAKER-01,3,1,2.3,"A very long shift: 3 turns, 1 Supply. Any Rabbit costing more than 1 may be played over Bunny as an upgrade, and pays as though Bunny cost 1."
Cassadee,Hedgehog,Entertainment,Stage Hand,mk_cassadee_stage_hand_0,character,AF-MAKER-01,0,Common,AF-MAKER-01,1,1,2.22,"A short shift: 1 turn, 1 Supply."
Cassadee,Hedgehog,Entertainment,The Only One at the Back,mk_cassadee_the_only_one_at_the_back_1,character,AF-MAKER-01,1,Common,AF-MAKER-01,2,1,3.66,"Upgrades Cassadee. Whenever one of your Characters finishes a shift, if she is the only Hedgehog you have standing, gain 2 Supply."
Cassadee,Hedgehog,Entertainment,Hall Manager,mk_cassadee_hall_manager_3,character,AF-MAKER-01,3,Common,AF-MAKER-01,2,4,4.05,"Upgrades Cassadee. A steady shift: 2 turns, 4 Supply."
Cindy,Fox,Civics,Clerk of the Court,mk_cindy_court_clerk_1,character,AF-MAKER-01,1,Rare,AF-MAKER-01,1,2,4.81,"When Cindy is recruited, look at your opponent's hand."
Cindy,Fox,Civics,Magistrate,mk_cindy_magistrate_2,character,AF-MAKER-01,2,Super Rare,AF-MAKER-01,1,2,5.16,"Upgrades Cindy. When Cindy becomes upright, one of your opponent's Characters is put back to work."
Cindy,Fox,Civics,Circuit Judge,mk_cindy_circuit_judge_4,character,AF-MAKER-01,4,Super Rare,AF-MAKER-01,2,4,6.05,"Upgrades Cindy. Your challenge bids win ties. When an opponent challenges one of your purchases, gain 2 Supply and look at their hand."
Cindy,Fox,Civics,Justice of the Boroughs,mk_cindy_justice_of_the_boroughs_5,character,AF-MAKER-01,5,Super Rare,AF-MAKER-01,2,5,7.57,"Upgrades Cindy. Your challenge bids win ties. At the start of your turn, look at your opponent's hand, then your opponent chooses: one of their Characters is put back to work, or they lose 2 Supply."
Clover,Rabbit,Agriculture,Seedling Helper,mk_clover_seedling_helper_0,character,AF-MAKER-01,0,Legendary,AF-MAKER-01,1,1,5.33,"When Clover is recruited, you may recruit a Character costing 2 or less from your hand for free; it enters Busy."
Clover,Rabbit,Agriculture,Plot Sharer,mk_clover_plot_sharer_1,character,AF-MAKER-01,1,Super Rare,AF-MAKER-01,1,2,5.16,"Upgrades Clover. When Clover is recruited, if you control another Agriculture Character, gain 2 Supply."
Clover,Rabbit,Commerce,Market Gardener,mk_clover_market_gardener_2,character,AF-MAKER-01,2,Super Rare,AF-MAKER-01,1,2,5.17,"Upgrades Clover. When Clover completes a shift, gain 2 Supply."
Clover,Rabbit,Agriculture,Community Gardener,mk_clover_community_gardener_3,character,AF-MAKER-01,3,Super Rare,AF-MAKER-01,2,3,5.43,"Upgrades Clover. When Clover is recruited, you may recruit a Character costing 1 or less from your hand for free; it enters Busy. If one does, gain 1 Supply."
Clover,Rabbit,Science,Rocket Botanist,mk_clover_rocket_botanist_4,character,AF-MAKER-01,4,Rare,AF-MAKER-01,2,3,5.26,"Upgrades Clover. When Clover is recruited, you may recruit a Character costing 2 or less from your hand for free; it enters Busy."
Clover,Rabbit,Agriculture,Master Botanist,mk_clover_master_botanist_5,character,AF-MAKER-01,5,Uncommon,AF-MAKER-01,2,4,5.79,"Upgrades Clover. When Clover is recruited, you may recruit a Character costing 2 or less from your hand for free; it enters Busy. If one does, gain 2 Supply."
Comet,Cat,Crafts,Bolt Sorter,mk_comet_bolt_sorter_0,character,AF-MAKER-01,0,Common,AF-MAKER-01,1,1,2.22,"A short shift: 1 turn, 1 Supply."
Comet,Cat,Crafts,Rocket Mechanic,mk_comet_rocket_mechanic_1,character,AF-MAKER-01,1,Uncommon,AF-MAKER-01,1,1,3.71,"When Comet completes a shift, the next Building you buy costs 1 less."
Comet,Cat,Food,Hatch Hand,mk_comet_hatch_hand_2,character,AF-MAKER-01,2,Rare,AF-MAKER-01,1,2,4.85,"Busy, once per game: Comet readies herself."
Comet,Cat,Science,Test Pilot,mk_comet_test_pilot_3,character,AF-MAKER-01,3,Rare,AF-MAKER-01,2,3,5.1,"Upgrades Comet. When Comet becomes upright, look at the top two cards of the Market Deck. Busy, once per game: Comet readies herself."
Comet,Cat,Science,Astronaut,mk_comet_astronaut_5,character,AF-MAKER-01,5,Rare,AF-MAKER-01,2,3,5.9,"Upgrades Comet. When Comet becomes upright, look at the top three cards of the Market Deck and gain 1 Supply. Busy, once per game: Comet readies herself."
Cookie,Squirrel,Food,Biscuit Maker,mk_cookie_biscuit_maker_0,character,AF-MAKER-01,0,Common,AF-MAKER-01,1,1,2.22,"A short shift: 1 turn, 1 Supply."
Cookie,Squirrel,Food,Rusk Baker,mk_cookie_rusk_baker_1,character,AF-MAKER-01,1,Common,AF-MAKER-01,1,1,3.24,"When Cookie completes a shift, take a Food token."
Cookie,Squirrel,Food,Winter Stores Cook,mk_cookie_winter_stores_cook_3,character,AF-MAKER-01,3,Common,AF-MAKER-01,2,4,4.05,"Upgrades Cookie. A steady shift: 2 turns, 4 Supply."
Copper,Cat,Commerce,Penny Counter,mk_copper_penny_counter_0,character,AF-MAKER-01,0,Rare,AF-MAKER-01,1,1,3.53,"Busy, once per game: Copper readies himself."
Copper,Cat,Commerce,Scale Polisher,mk_copper_scale_polisher_1,character,AF-MAKER-01,1,Rare,AF-MAKER-01,1,2,4.83,"Upgrades Copper. When Copper is recruited, the next Character you recruit costs 1 less."
Copper,Cat,Civics,Weights Inspector,mk_copper_weights_inspector_2,character,AF-MAKER-01,2,Uncommon,AF-MAKER-01,1,2,4.3,"Upgrades Copper. Whenever Supply is taken from you, gain 1 Supply."
Copper,Cat,Commerce,Arcade Merchant,mk_copper_arcade_merchant_3,character,AF-MAKER-01,3,Common,AF-MAKER-01,2,3,4.07,Upgrades Copper. The first purchase you announce each turn may be announced for 1 less.
Copper,Cat,Commerce,Cellar Keeper,mk_copper_cellar_keeper_4,character,AF-MAKER-01,4,Common,AF-MAKER-01,2,5,4.42,"Upgrades Copper. A steady shift: 2 turns, 5 Supply."
Copper,Cat,Commerce,Market Steward,mk_copper_market_steward_5,character,AF-MAKER-01,5,Uncommon,AF-MAKER-01,2,4,5.56,"Upgrades Copper. At the start of your turn, the next Character you recruit costs 1 less. Whenever Supply is taken from you, gain 2 Supply."
Cornelius,Mouse,Commerce,FutureTech CEO,mk_cornelius_futuretech_ceo_5,marketCharacter,AF-MAKER-01,5,Super Rare,AF-MAKER-01,2,4,8.41,"Hired from the Capital City; enters Busy, and goes back to the city after three of your turns, where he may be hired again. At the start of your turn, Buildings cost you 3 less. When Cornelius becomes upright, every lot in the Capital City with a roof on it costs you 2 less."
Cynthia,Otter,Science,Junior Lab Assistant,mk_cynthia_junior_lab_assistant_0,character,AF-MAKER-01,0,Uncommon,AF-MAKER-01,1,1,2.73,"When Cynthia completes a shift, take a Science token."
Cynthia,Otter,Science,Paint-Drying Researcher,mk_cynthia_paint_drying_researcher_1,character,AF-MAKER-01,1,Uncommon,AF-MAKER-01,1,1,3.71,"Upgrades Cynthia. When Cynthia completes a shift, take 2 Science tokens."
Cynthia,Otter,Science,Combustion Theorist,mk_cynthia_combustion_theorist_3,character,AF-MAKER-01,3,Uncommon,AF-MAKER-01,2,3,4.64,Upgrades Cynthia. Busy: spend 2 Science tokens to gain 3 Supply.
Cynthia,Otter,Science,Head of the Absorption Wing,mk_cynthia_head_of_the_absorption_wing_5,character,AF-MAKER-01,5,Super Rare,AF-MAKER-01,2,4,6.92,"Upgrades Cynthia. At the start of your turn, take a Science token. Busy: spend 3 Science tokens to gain 6 Supply."
Daisy,Squirrel,Agriculture,Petal Sweeper,mk_daisy_petal_sweeper_0,character,AF-MAKER-01,0,Uncommon,AF-MAKER-01,1,1,2.95,"When Daisy completes a shift, put 1 Supply by on Daisy."
Daisy,Squirrel,Crafts,Garland Cutter,mk_daisy_garland_cutter_1,character,AF-MAKER-01,1,Uncommon,AF-MAKER-01,1,2,4.29,"A short shift: 1 turn, 2 Supply."
Daisy,Squirrel,Agriculture,Bouquet Weaver,mk_daisy_bouquet_weaver_2,character,AF-MAKER-01,2,Rare,AF-MAKER-01,1,2,4.95,"When Daisy is recruited, she and one other Character you control work together: while both are in your town, each of their shifts pays 1 more Supply."
Daisy,Squirrel,Agriculture,Night-Bloom Florist,mk_daisy_night_bloom_florist_3,character,AF-MAKER-01,3,Uncommon,AF-MAKER-01,2,3,4.44,"Upgrades Daisy. When Daisy completes a shift, put 2 Supply by on Daisy."
Daisy,Squirrel,Commerce,Festival Florist,mk_daisy_festival_florist_4,character,AF-MAKER-01,4,Rare,AF-MAKER-01,2,4,5.39,Upgrades Daisy. Busy: take every Supply your Characters have put by.
Daniel,Mouse,Lore,Ink Mixer,mk_daniel_ink_mixer_0,character,AF-MAKER-01,0,Common,AF-MAKER-01,3,1,2.18,"A long shift: 3 turns, then 1 Supply. When Daniel is recruited, your next Event needs one fewer Character."
Daniel,Mouse,Lore,Chart Copier,mk_daniel_chart_copier_1,character,AF-MAKER-01,1,Uncommon,AF-MAKER-01,1,2,4.29,"Upgrades Daniel. A short shift: 1 turn, 2 Supply."
Daniel,Mouse,Lore,Canal Cartographer,mk_daniel_canal_cartographer_2,character,AF-MAKER-01,2,Rare,AF-MAKER-01,2,3,4.85,"When Daniel is recruited, your next Event needs one fewer Character. When Daniel becomes upright, look at the top two cards of your deck and put them back in any order."
Daniel,Mouse,Science,Star Charter,mk_daniel_star_charter_3,character,AF-MAKER-01,3,Rare,AF-MAKER-01,2,3,4.77,Upgrades Daniel. Busy: the next Event you play requires one fewer Character.
Daniel,Mouse,Lore,Master Cartographer,mk_daniel_master_cartographer_4,character,AF-MAKER-01,4,Super Rare,AF-MAKER-01,2,4,5.42,"Upgrades Daniel. When Daniel becomes upright, look at the top three cards of your deck and put them back in any order, then look at the top two cards of the Market Deck."
Dirt,Squirrel,Civics,Classroom Assistant,mk_dirt_classroom_assistant_0,character,AF-MAKER-01,0,Rare,AF-MAKER-01,1,1,3.53,Busy: swap this card with Dirt or Squirt in your hand. The post is not lost and nothing is paid.
Dirt,Squirrel,Civics,"Schoolteacher, Upper Room",mk_dirt_schoolteacher_upper_room_2,character,AF-MAKER-01,2,Rare,AF-MAKER-01,1,2,4.85,Upgrades Dirt. Busy: swap this card with Dirt or Squirt in your hand. The post is not lost and nothing is paid.
Dirt,Squirrel,Crafts,Figurine Painter,mk_dirt_figurine_painter_3,character,AF-MAKER-01,3,Uncommon,AF-MAKER-01,2,2,4.73,"Upgrades Dirt. Busy: swap this card with Dirt or Squirt in your hand. The post is not lost and nothing is paid. When Dirt finishes a shift, put 2 Supply by on him."
Dirt,Squirrel,Crafts,Master Figuremaker,mk_dirt_master_figuremaker_5,character,AF-MAKER-01,5,Uncommon,AF-MAKER-01,2,4,5.74,"Upgrades Dirt. Busy: swap this card with Dirt or Squirt in your hand. The post is not lost and nothing is paid. When Dirt finishes a shift, take every Supply your Characters have put by."
Dylan,Otter,Commerce,River Otter,mk_dylan_river_otter_4,marketCharacter,AF-MAKER-01,4,Super Rare,AF-MAKER-01,1,3,6.74,"Hired from the Capital City; enters Busy, and goes back to the river after three of your turns. When Dylan is recruited, another Character you control is upright at the start of your next turn. Busy: move a shift from one of your Characters to another."
Earl,Fox,Food,Tea Boy,mk_earl_tea_boy_0,character,AF-MAKER-01,0,Rare,AF-MAKER-01,1,1,3.41,"When Earl is recruited, your next recruit costs 1 less Supply, or 2 less if it upgrades a Character you already have."
Earl,Fox,Commerce,Tea Trader,mk_earl_tea_trader_2,character,AF-MAKER-01,2,Uncommon,AF-MAKER-01,1,2,4.5,"Upgrades Earl. When Earl completes a shift, your next recruit costs 1 less Supply if it upgrades a Character you already have."
Earl,Fox,Food,Coffee Roaster,mk_earl_coffee_roaster_3,character,AF-MAKER-01,3,Uncommon,AF-MAKER-01,2,3,4.55,"Upgrades Earl. When Earl completes a shift, toss for it: heads, your next recruit costs 2 less Supply if it upgrades a Character you already have; tails, gain 1 Supply."
Earl,Fox,Civics,Tea House Keeper,mk_earl_tea_house_keeper_4,character,AF-MAKER-01,4,Super Rare,AF-MAKER-01,2,4,5.55,"Upgrades Earl. When Earl becomes upright, your next recruit costs 2 less Supply if it upgrades a Character you already have."
Edwina,Mouse,Food,Cheese Counter Girl,mk_edwina_cheese_counter_girl_0,character,AF-MAKER-01,0,Rare,AF-MAKER-01,1,1,3.53,Busy: your opponent discards a card.
Edwina,Mouse,Commerce,Cheese Stall Keeper,mk_edwina_cheese_stall_keeper_1,character,AF-MAKER-01,1,Common,AF-MAKER-01,1,1,3.37,"Upgrades Edwina. When Edwina is recruited, your opponent discards a card."
Edwina,Mouse,Food,Cheese Cellar Keeper,mk_edwina_cheese_cellar_keeper_2,character,AF-MAKER-01,2,Super Rare,AF-MAKER-01,1,2,5.32,Upgrades Edwina. Busy: your opponent discards a card; you may then pay 2 Supply to make them discard a second.
Edwina,Mouse,Commerce,Cheese Merchant,mk_edwina_cheese_merchant_3,character,AF-MAKER-01,3,Super Rare,AF-MAKER-01,2,3,5.74,Upgrades Edwina. Busy: your opponent discards a card; you may then pay 2 Supply to make them discard 2 more.
Elvira,Cat,Lore,Tea-Leaf Reader,mk_elvira_tea_leaf_reader_0,character,AF-MAKER-01,0,Rare,AF-MAKER-01,1,1,3.06,"Busy: toss a coin. Heads, look at the top two cards of your deck and put any of them on the bottom; tails, look at the top card of your opponent's deck."
Elvira,Cat,Commerce,Fairground Booth,mk_elvira_fairground_booth_2,character,AF-MAKER-01,2,Rare,AF-MAKER-01,1,2,4.75,"Upgrades Elvira. When Elvira becomes upright, toss a coin. Heads, look at the top two cards of the Market Deck; tails, look at the top two cards of your opponent's deck."
Elvira,Cat,Lore,Fortune Teller,mk_elvira_fortune_teller_3,character,AF-MAKER-01,3,Rare,AF-MAKER-01,2,3,4.9,"Upgrades Elvira. Whenever Supply is taken from you, gain 2 Supply and draw 1 card."
Elvira,Cat,Commerce,Reader of the Long Odds,mk_elvira_reader_of_long_odds_4,character,AF-MAKER-01,4,Super Rare,AF-MAKER-01,2,4,6.02,"Upgrades Elvira. At the start of your turn, toss a coin. Heads, look at the top two cards of the Market Deck and put them back in any order; tails, look at the top two cards of your opponent's deck. Busy, once per game: Elvira stands straight back up."
Eric,Rabbit,Agriculture,Smallholder,mk_eric_smallholder_1,character,AF-MAKER-01,1,Rare,AF-MAKER-01,1,2,4.83,"When Eric is recruited, your next recruit costs 1 less Supply."
Eric,Rabbit,Civics,Fair Steward,mk_eric_fair_steward_2,character,AF-MAKER-01,2,Uncommon,AF-MAKER-01,1,2,4.5,"Upgrades Eric. When Eric completes a shift, your next recruit costs 1 less Supply."
Eric,Rabbit,Agriculture,Row Farmer,mk_eric_row_farmer_3,character,AF-MAKER-01,3,Rare,AF-MAKER-01,2,2,4.75,"Upgrades Eric. Recruit: you may recruit a Character costing 1 or less from your hand for free; it enters Busy, and if one does, your next recruit costs 1 less Supply."
Eric,Rabbit,Agriculture,Row Boss,mk_eric_row_boss_4,character,AF-MAKER-01,4,Uncommon,AF-MAKER-01,2,4,4.76,"Upgrades Eric. While Eric is upright, every Character you recruit costs 1 less Supply."
Eric,Rabbit,Agriculture,Best Farmer There Ever Was,mk_eric_best_farmer_5,character,AF-MAKER-01,5,Rare,AF-MAKER-01,2,5,6.23,"Upgrades Eric. While Eric is upright, every Character you recruit costs 2 less Supply."
Eustace,Squirrel,Commerce,Socialite,mk_eustace_socialite_3,marketCharacter,AF-MAKER-01,3,Uncommon,AF-MAKER-01,2,3,4.11,"Hired from the Capital City; enters Busy. When Eustace is recruited, your Characters advance an extra step at your next Ready."
Faustus,Cat,Crafts,Bolt Boy,mk_faustus_bolt_boy_0,character,AF-MAKER-01,0,Uncommon,AF-MAKER-01,1,1,2.94,"When you announce a purchase with Faustus, gain 1 Supply."
Faustus,Cat,Science,Pressure-Suit Tailor,mk_faustus_pressure_suit_tailor_1,character,AF-MAKER-01,1,Common,AF-MAKER-01,1,1,3.31,"Upgrades Faustus. When Faustus is recruited, your challenges cost 1 less Supply until your next turn."
Faustus,Cat,Crafts,Costumier,mk_faustus_costumier_2,character,AF-MAKER-01,2,Uncommon,AF-MAKER-01,1,2,4.67,"Upgrades Faustus. While Faustus is upright, your challenge bids win ties."
Faustus,Cat,Commerce,Sailmaker,mk_faustus_sailmaker_3,character,AF-MAKER-01,3,Common,AF-MAKER-01,2,2,3.65,"Upgrades Faustus. Busy, once per game: Faustus readies himself."
Faustus,Cat,Entertainment,Wardrobe Master,mk_faustus_wardrobe_master_4,character,AF-MAKER-01,4,Rare,AF-MAKER-01,2,3,5.1,"Upgrades Faustus. While Faustus is upright, every pledge your opponent makes in an auction must be one step more expensive than the ladder asks. Busy, once per game: Faustus readies himself."
Faustus,Cat,Crafts,Threadmaster,mk_faustus_threadmaster_5,marketCharacter,AF-MAKER-01,5,Rare,AF-MAKER-01,2,4,6.08,"Hired from the Capital City; enters Busy. While Faustus is displayed in the Capital City, every pledge in an auction must be one step more expensive than usual. While Faustus is upright in your town, that rule falls on your opponent alone."
Fingers,Raccoon,Civics,Rooftop Runner,mk_fingers_rooftop_runner_0,character,AF-MAKER-01,0,Rare,AF-MAKER-01,1,1,3.12,"When Fingers is recruited, draw 1 card."
Fingers,Raccoon,Crafts,Chimney Sweep,mk_fingers_chimney_sweep_1,character,AF-MAKER-01,1,Common,AF-MAKER-01,1,1,3.2,Upgrades Fingers. Busy: look at the top card of the Market Deck.
Fingers,Raccoon,Agriculture,Root-Cellar Diver,mk_fingers_root_cellar_diver_2,character,AF-MAKER-01,2,Super Rare,AF-MAKER-01,1,2,5.73,Upgrades Fingers. Busy: take a card out of the City Dump.
Fingers,Raccoon,Civics,Master Locksmith,mk_fingers_master_locksmith_3,character,AF-MAKER-01,3,Uncommon,AF-MAKER-01,2,3,4.68,"Upgrades Fingers. Busy, pay 3 Supply: search your deck for a Fingers card, take it into your hand, then shuffle."
Fingers,Raccoon,Crafts,The One Who Gets In,mk_fingers_the_one_who_gets_in_4,character,AF-MAKER-01,4,Super Rare,AF-MAKER-01,2,3,5.86,"Upgrades Fingers. Busy: you may recruit another Fingers card from your hand for free, cheaper or dearer than this one — for Fingers alone, the ladder runs both ways."
Finn,Fox,Commerce,Auctioneer's Boy,mk_finn_auctioneers_boy_0,character,AF-MAKER-01,0,Uncommon,AF-MAKER-01,1,1,2.94,Busy: you may raise one of your open bids by 1.
Finn,Fox,Commerce,Peddler,mk_finn_peddler_1,character,AF-MAKER-01,1,Super Rare,AF-MAKER-01,1,2,5.11,"Upgrades Finn. When you announce a purchase, add 1 Supply to it and look at the top card of the Market Deck."
Finn,Fox,Food,Griddle Hand,mk_finn_griddle_hand_2,character,AF-MAKER-01,2,Uncommon,AF-MAKER-01,1,2,4.02,"When Finn is recruited, look at the top card of the Market Deck."
Finn,Fox,Civics,Fair Warden,mk_finn_fair_warden_3,character,AF-MAKER-01,3,Uncommon,AF-MAKER-01,2,3,4.16,"Upgrades Finn. Busy: add 2 Supply to an auction you are winning. When a bid is tied, add 1 Supply to yours."
Finn,Fox,Commerce,Trade Broker,mk_finn_trade_broker_4,character,AF-MAKER-01,4,Uncommon,AF-MAKER-01,2,4,4.45,"Upgrades Finn. Whenever you gain a non-Statue Capital City card, gain 1 Supply. When you announce a purchase, look at the top card of the Market Deck."
Fox Cub,Fox,Entertainment,Cub,mk_fox_cub_cub_0,character,AF-MAKER-01,0,Uncommon,AF-MAKER-01,3,1,2.66,"A very long shift: 3 turns, 1 Supply. Any Fox costing more than 2 may be played over Fox Cub as an upgrade, and pays as though Fox Cub cost 2."
Fred,Owl,Entertainment,Wandered Onto the Stage,mk_fred_wandered_onto_stage_0,character,AF-MAKER-01,0,Common,AF-MAKER-01,1,1,2.22,"A short shift: 1 turn, 1 Supply."
Fred,Owl,Crafts,Held the Ladder Wrong,mk_fred_held_the_ladder_wrong_2,character,AF-MAKER-01,2,Uncommon,AF-MAKER-01,1,2,4.2,"Upgrades Fred. Busy: toss a coin. Heads, gain 2 Supply. Tails, your opponent gains 2 Supply."
Fred,Owl,Entertainment,Backstage Crew (Nobody Asked),mk_fred_backstage_crew_3,character,AF-MAKER-01,3,Common,AF-MAKER-01,2,3,3.36,"A shift: 2 turns, 3 Supply."
Fred,Owl,Crafts,The Crew Doesn't Ask Anymore,mk_fred_crew_doesnt_ask_5,character,AF-MAKER-01,5,Common,AF-MAKER-01,2,4,4.76,"Upgrades Fred. When Fred becomes upright, toss a coin. Heads, gain 2 Supply and draw a card. Tails, your opponent gains 2 Supply."
Gabe,Raccoon,Entertainment,Corner Show,mk_gabe_corner_show_0,character,AF-MAKER-01,0,Uncommon,AF-MAKER-01,1,1,2.58,"When Gabe is recruited, draw a card, then discard a card."
Gabe,Raccoon,Crafts,Puppet Maker,mk_gabe_puppet_maker_2,character,AF-MAKER-01,2,Uncommon,AF-MAKER-01,1,1,4.43,Upgrades Gabe. Busy: take a card out of the City Dump.
Gabe,Raccoon,Entertainment,Company of One,mk_gabe_company_of_one_4,character,AF-MAKER-01,4,Rare,AF-MAKER-01,2,4,5.2,"Upgrades Gabe. When Gabe becomes upright, take an Event out of your Town Dump into your hand."
Gabe,Raccoon,Entertainment,The Whole Cast,mk_gabe_whole_cast_5,character,AF-MAKER-01,5,Rare,AF-MAKER-01,2,4,6.51,"Upgrades Gabe. Busy: take a card out of the City Dump, then draw a card."
Gwen,Mouse,Food,Short-Order Cook,mk_gwen_short_order_cook_1,character,AF-MAKER-01,1,Common,AF-MAKER-01,1,1,3.56,"When Gwen is recruited, a Character costing 1 or less in your Unemployment is fed and comes back to work Busy, for nothing."
Gwen,Mouse,Food,Anybody's Counter,mk_gwen_anybodys_counter_2,character,AF-MAKER-01,2,Rare,AF-MAKER-01,2,2,4.91,"Upgrades Gwen. Busy: give a shift to a Character out of work in your town, or to hired help lying in the City Dump, for 1 less Supply. They arrive upright."
Gwen,Mouse,Food,Diner Keeper,mk_gwen_diner_keeper_3,character,AF-MAKER-01,3,Uncommon,AF-MAKER-01,2,3,4.47,Upgrades Gwen. Busy: you may rehire a Character who works in Food from your Unemployment for 1 less Supply.
Gwen,Mouse,Food,The Apron on the Hook,mk_gwen_apron_on_the_hook_4,character,AF-MAKER-01,4,Legendary,AF-MAKER-01,2,4,7.34,"Upgrades Gwen. Busy: give a shift to a Character out of work in either town, or to hired help lying in the City Dump, for 2 less Supply. They arrive upright."
Gwen,Mouse,Food,Owner of the Diner,mk_gwen_owner_of_the_diner_5,character,AF-MAKER-01,5,Rare,AF-MAKER-01,2,4,6.1,"Upgrades Gwen. At the start of your turn, you may rehire a Character costing 3 or less from your Unemployment for 2 less Supply, whatever their study, and take a Food token."
Harrison,Fox,Entertainment,Piano Boy,mk_harrison_piano_boy_0,character,AF-MAKER-01,0,Uncommon,AF-MAKER-01,1,1,2.46,"When Harrison is recruited, look at the top card of the Market Deck."
Harrison,Fox,Entertainment,House Pianist,mk_harrison_house_pianist_2,character,AF-MAKER-01,2,Super Rare,AF-MAKER-01,1,2,5.32,Upgrades Harrison. Busy: look at the top 2 cards of the Market Deck and put them back in any order.
Harrison,Fox,Entertainment,Band Leader,mk_harrison_band_leader_4,character,AF-MAKER-01,4,Rare,AF-MAKER-01,2,4,5.25,"Upgrades Harrison. At the start of your turn, look at the top card of the Market Deck, and your next raise in a Capital City auction costs 1 less Supply to pay."
Hazel,Raccoon,Commerce,Barrow Hand,mk_hazel_barrow_hand_0,character,AF-MAKER-01,0,Uncommon,AF-MAKER-01,2,1,2.76,"When Hazel completes a shift, draw 1 card."
Hazel,Raccoon,Commerce,Night Market Vendor,mk_hazel_night_market_vendor_1,character,AF-MAKER-01,1,Common,AF-MAKER-01,1,1,3.1,"Upgrades Hazel. Recruit: draw 1 card, then discard 1 card."
Hazel,Raccoon,Commerce,Market Vendor,mk_hazel_market_vendor_2,character,AF-MAKER-01,2,Uncommon,AF-MAKER-01,1,2,4.67,Upgrades Hazel. Busy: look at the top two cards of your deck and put any of them on the bottom.
Hazel,Raccoon,Crafts,Guildmaster,mk_hazel_guildmaster_3,character,AF-MAKER-01,3,Rare,AF-MAKER-01,2,3,5.16,Upgrades Hazel. Busy: take a Market card from the City Dump and gain it.
Hazel,Raccoon,Commerce,Market Committee Chair,mk_hazel_market_committee_chair_4,character,AF-MAKER-01,4,Uncommon,AF-MAKER-01,2,4,5.04,"Upgrades Hazel. At the start of your turn, if you control another Raccoon, draw 1 card."
Hazel,Raccoon,Commerce,Merchant,mk_hazel_merchant_5,character,AF-MAKER-01,5,Common,AF-MAKER-01,2,4,5.32,"Upgrades Hazel. Whenever you gain a non-Statue Market card, draw 1 card. Busy: look at the top two cards of your deck and send any of them to your Town Dump."
Henrietta,Rabbit,Civics,Front Desk Clerk,mk_henrietta_front_desk_clerk_0,character,AF-MAKER-01,0,Super Rare,AF-MAKER-01,1,1,4.47,"When Henrietta is recruited, you may recruit a Rabbit costing 1 or less from your hand for free; if you do, gain 1 Supply."
Henrietta,Rabbit,Civics,Placement Officer,mk_henrietta_placement_officer_2,character,AF-MAKER-01,2,Legendary,AF-MAKER-01,1,2,8.07,"Upgrades Henrietta. Busy: you may recruit a Rabbit costing 3 or less from your hand for free; if you do, gain 2 Supply."
Henrietta,Rabbit,Civics,Head of Rabbit Recruitment,mk_henrietta_head_of_rabbit_recruitment_4,character,AF-MAKER-01,4,Super Rare,AF-MAKER-01,2,4,6.48,"Upgrades Henrietta. Busy: you may recruit a Rabbit from your hand for free; if you do, gain 3 Supply."
Hibiscus,Rabbit,Civics,The Sorting Bench,mk_hibiscus_the_sorting_bench_0,character,AF-MAKER-01,0,Uncommon,AF-MAKER-01,1,1,2.79,"When Hibiscus completes a shift, if you control Juniper, draw a card."
Hibiscus,Rabbit,Civics,Post Runner,mk_hibiscus_post_runner_1,character,AF-MAKER-01,1,Common,AF-MAKER-01,2,2,3.69,"When Hibiscus is recruited, another Character you control is upright at the start of your next turn."
Hibiscus,Rabbit,Civics,Night Mail,mk_hibiscus_night_mail_2,character,AF-MAKER-01,2,Uncommon,AF-MAKER-01,2,2,4.1,"Upgrades Hibiscus. When Hibiscus becomes upright, another Character you control is upright at the start of your next turn."
Hibiscus,Rabbit,Civics,Round Walker,mk_hibiscus_round_walker_3,character,AF-MAKER-01,3,Uncommon,AF-MAKER-01,2,3,4.25,"Upgrades Hibiscus. When Hibiscus completes a shift, another Character you control is upright at the start of your next turn."
Hibiscus,Rabbit,Commerce,Mail Coach Driver,mk_hibiscus_mail_coach_driver_4,character,AF-MAKER-01,4,Uncommon,AF-MAKER-01,2,4,4.64,"Upgrades Hibiscus. The first time you announce a purchase each turn, another Character you control is upright at the start of your next turn."
Hibiscus,Rabbit,Civics,Postmaster,mk_hibiscus_postmaster_5,character,AF-MAKER-01,5,Uncommon,AF-MAKER-01,2,4,5.4,"Upgrades Hibiscus. When Hibiscus becomes upright, one of your other Characters becomes upright."
Hoglet,Hedgehog,Civics,Hoglet,mk_hoglet_hoglet_0,character,AF-MAKER-01,0,Uncommon,AF-MAKER-01,3,1,2.3,"A very long shift: 3 turns, 1 Supply. Any Hedgehog costing more than 1 may be played over Hoglet as an upgrade, and pays as though Hoglet cost 1."
Hoot,Owl,Food,Night Kitchen,mk_hoot_night_kitchen_1,character,AF-MAKER-01,1,Rare,AF-MAKER-01,1,1,4.4,Busy: one of your other Characters turns one step toward upright.
Hoot,Owl,Civics,Night Porter,mk_hoot_night_porter_2,marketCharacter,AF-MAKER-01,2,Uncommon,AF-MAKER-01,1,1,4.02,Hired from the Capital City; enters Busy. Busy: one of your other Characters turns one step toward upright.
Hoot,Owl,Food,Breakfast Bell,mk_hoot_breakfast_bell_3,character,AF-MAKER-01,3,Rare,AF-MAKER-01,2,3,5.08,"Upgrades Hoot. At the start of your turn, one of your Characters turns one step toward upright."
Hoot,Owl,Food,Head of the Night Kitchen,mk_hoot_head_of_the_night_kitchen_5,character,AF-MAKER-01,5,Rare,AF-MAKER-01,2,4,6.28,"Upgrades Hoot. At the start of your turn, one of your Characters turns one step toward upright and you gain 1 Supply."
Inkwell,Cat,Lore,Bookmark Keeper,mk_inkwell_bookmark_keeper_1,character,AF-MAKER-01,1,Uncommon,AF-MAKER-01,2,2,3.75,"When Inkwell is recruited, your Characters advance an extra step at your next Ready."
Inkwell,Cat,Lore,Storyteller,mk_inkwell_storyteller_2,character,AF-MAKER-01,2,Rare,AF-MAKER-01,1,2,5.13,Upgrades Inkwell. Busy: another Character you control is upright at the start of your next turn.
Inkwell,Cat,Lore,Night Librarian,mk_inkwell_night_librarian_3,character,AF-MAKER-01,3,Super Rare,AF-MAKER-01,2,3,5.69,"Upgrades Inkwell. When Inkwell becomes upright, nobody's Characters advance at the next Ready."
Inkwell,Cat,Science,Astronomer,mk_inkwell_astronomer_4,character,AF-MAKER-01,4,Rare,AF-MAKER-01,2,3,5.21,"Upgrades Inkwell. When Inkwell completes a shift, look at the top two cards of the Market Deck and at your rival's hand. Busy, once per game: Inkwell readies themselves."
Inkwell,Cat,Lore,Keeper of Stories,mk_inkwell_keeper_of_stories_5,character,AF-MAKER-01,5,Common,AF-MAKER-01,2,4,5.17,"Upgrades Inkwell. The first Event you play each turn that requires Lore lets you draw 1 card, and your Characters advance an extra step at your next Ready."
Jake,Rabbit,Agriculture,Warren Runner,mk_jake_warren_runner_3,marketCharacter,AF-MAKER-01,3,Rare,AF-MAKER-01,1,4,4.87,"Hired from the Capital City; enters Busy. After two of your turns Jake takes to the road and goes to the bottom of the Market Deck, where he may be hired again. When Jake completes a shift, gain 2 Supply."
Jessica,Owl,Entertainment,Song and Game Leader,mk_jessica_song_leader_0,character,AF-MAKER-01,0,Rare,AF-MAKER-01,1,1,3.07,Recruit: one of your other Characters turns one step toward upright.
Jessica,Owl,Civics,Infant Teacher,mk_jessica_infant_teacher_1,character,AF-MAKER-01,1,Rare,AF-MAKER-01,1,2,4.83,"When Jessica is recruited, your next recruit that upgrades a Character you control costs 1 less Supply."
Jessica,Owl,Lore,Night School Teacher,mk_jessica_night_school_teacher_2,character,AF-MAKER-01,2,Rare,AF-MAKER-01,1,2,4.96,"Upgrades Jessica. Recruit: one of your other Characters turns one step toward upright, and your next recruit that upgrades a Character you control costs 1 less Supply."
Jessica,Owl,Civics,The Night School,mk_jessica_the_night_school_3,character,AF-MAKER-01,3,Rare,AF-MAKER-01,2,4,4.96,"Upgrades Jessica. At the start of your turn, look at the top two cards of the Market Deck."
Jessica,Owl,Lore,Headmistress,mk_jessica_headmistress_4,character,AF-MAKER-01,4,Rare,AF-MAKER-01,2,3,5.26,"Upgrades Jessica. At the start of your turn, your next recruit that upgrades a Character you control costs 2 less Supply."
Jessica,Owl,Lore,Teacher of the Boroughs,mk_jessica_teacher_of_the_boroughs_5,character,AF-MAKER-01,5,Legendary,AF-MAKER-01,2,5,8.37,"Upgrades Jessica. A long shift: 2 turns, 5 Supply. At the start of your turn, one of your Characters turns one step toward upright, draw 1 card, and your recruits that upgrade a Character you control cost 1 less this turn."
Jim,Raccoon,Lore,Gadget Blogger,mk_jim_gadget_blogger_0,character,AF-MAKER-01,0,Rare,AF-MAKER-01,1,1,3.59,Busy: pay 1 Supply to draw 1 card.
Jim,Raccoon,Science,Hobby Programmer,mk_jim_hobby_programmer_2,character,AF-MAKER-01,2,Super Rare,AF-MAKER-01,1,2,5.97,Upgrades Jim. Busy: pay 2 Supply to draw 2 cards.
Jim,Raccoon,Commerce,Early Adopter,mk_jim_early_adopter_4,character,AF-MAKER-01,4,Super Rare,AF-MAKER-01,1,3,6.55,"Upgrades Jim. At the start of your turn, you may pay 4 Supply to draw 2 cards."
Jim,Raccoon,Science,FutureTech Fanboy,mk_jim_futuretech_fanboy_5,character,AF-MAKER-01,5,Super Rare,AF-MAKER-01,2,5,6.73,"Upgrades Jim. Busy: pay 2 Supply to draw 4 cards, then Jim goes to your Unemployment."
JT,Otter,Science,Ward Nurse,mk_jt_ward_nurse_0,character,AF-MAKER-01,0,Rare,AF-MAKER-01,1,1,3.4,Busy: rehire a Character costing 1 or less from your Unemployment.
JT,Otter,Science,Children's Ward Nurse,mk_jt_children_s_ward_nurse_2,character,AF-MAKER-01,2,Super Rare,AF-MAKER-01,1,1,5.32,Upgrades JT. Busy: two of your Characters costing 1 or less each turn one step toward upright.
JT,Otter,Food,Juice List,mk_jt_juice_list_3,character,AF-MAKER-01,3,Rare,AF-MAKER-01,2,3,4.95,Upgrades JT. Busy: one of your Characters hands their shift to another.
JT,Otter,Food,Juice Sommelier,mk_jt_juice_sommelier_5,character,AF-MAKER-01,5,Uncommon,AF-MAKER-01,2,3,5.5,"Upgrades JT. Busy: one of your Characters costing 4 or more is readied, and you gain 1 Supply."
Juniper,Fox,Civics,Messenger,mk_juniper_messenger_1,character,AF-MAKER-01,1,Super Rare,AF-MAKER-01,1,2,4.94,"When you announce a purchase, look at the top 2 cards of the Market Deck."
Juniper,Fox,Civics,Courier Captain,mk_juniper_courier_captain_2,character,AF-MAKER-01,2,Uncommon,AF-MAKER-01,1,2,4.58,"Upgrades Juniper. While Juniper is upright, your first bid each turn counts as 1 higher."
Juniper,Fox,Civics,Ward Councillor,mk_juniper_ward_councillor_3,character,AF-MAKER-01,3,Common,AF-MAKER-01,2,3,3.89,Upgrades Juniper. Busy: add 2 Supply to an auction you are winning.
Juniper,Fox,Civics,Diplomat,mk_juniper_diplomat_4,character,AF-MAKER-01,4,Uncommon,AF-MAKER-01,2,4,5,Upgrades Juniper. Your opponent cannot raise a pending bid.
Juniper,Fox,Science,Stargazer,mk_juniper_stargazer_5,character,AF-MAKER-01,5,Common,AF-MAKER-01,2,3,4.79,"Upgrades Juniper. At the start of your turn, look at the top two cards of the Market Deck; if you control another Science Character, gain 1 Supply as well."
Kevin,Fox,Food,Counter Hand,mk_kevin_counter_hand_2,character,AF-MAKER-01,2,Common,AF-MAKER-01,1,3,3.51,"Kevin works the diner counter. Each shift Kevin works pays 1 less Supply than the last, down to 1."
Kevin,Fox,Civics,Hired Hand,mk_kevin_hired_hand_3,marketCharacter,AF-MAKER-01,3,Uncommon,AF-MAKER-01,1,3,4.45,"Hired from the Capital City; enters Busy, and goes back to the city after three of your turns. Each shift Kevin works pays 1 less than the last, down to 1. When Kevin is recruited, gain 1 Supply. Busy: add 2 Supply to an auction you are winning."
Kevin,Fox,Crafts,Construction,mk_kevin_construction_4,character,AF-MAKER-01,4,Legendary,AF-MAKER-01,1,7,9.09,"Upgrades Kevin. A flat-out shift: 1 turn, 7 Supply, and each shift Kevin works pays 1 less Supply than the last, down to 1. When Kevin is recruited, take 2 Building tokens and Buildings cost you 2 less this turn. Busy: raise one of your open bids by 2."
Kitten,Cat,Entertainment,Kitten,mk_kitten_kitten_0,character,AF-MAKER-01,0,Uncommon,AF-MAKER-01,3,1,2.3,"A very long shift: 3 turns, 1 Supply. Any Cat costing more than 1 may be played over Kitten as an upgrade, and pays as though Kitten cost 1."
Lindsay,Cat,Agriculture,Potting Helper,mk_lindsay_potting_helper_0,character,AF-MAKER-01,0,Rare,AF-MAKER-01,2,2,3.26,"When Lindsay completes a shift, gain 1 Supply."
Lindsay,Cat,Agriculture,The Other Bench,mk_lindsay_the_other_bench_1,character,AF-MAKER-01,1,Uncommon,AF-MAKER-01,1,1,4.2,"When Lindsay is recruited, she and Rosabeth work together: while both are in your town, each of their shifts pays 2 more Supply."
Lindsay,Cat,Agriculture,Glasshouse Hand,mk_lindsay_glasshouse_hand_2,character,AF-MAKER-01,2,Rare,AF-MAKER-01,1,2,4.8,"Upgrades Lindsay. At the start of your turn, if you control an Agriculture Character, gain 1 Supply."
Lindsay,Cat,Agriculture,Herb Grower,mk_lindsay_herb_grower_3,character,AF-MAKER-01,3,Uncommon,AF-MAKER-01,2,3,4.33,"Upgrades Lindsay. Busy, once per game: Lindsay readies herself."
Lindsay,Cat,Agriculture,Conservatory Keeper,mk_lindsay_conservatory_keeper_4,character,AF-MAKER-01,4,Uncommon,AF-MAKER-01,2,4,5.04,"Upgrades Lindsay. At the start of your turn, every shift your Characters complete this turn pays 1 more Supply."
Lindsay,Cat,Science,Moon Gardener,mk_lindsay_moon_gardener_5,character,AF-MAKER-01,5,Uncommon,AF-MAKER-01,2,4,5.79,"Upgrades Lindsay. At the start of your turn, gain 2 Supply."
Liz,Fox,Commerce,Plate Clerk,mk_liz_plate_clerk_0,character,AF-MAKER-01,0,Uncommon,AF-MAKER-01,1,1,2.73,"When Liz completes a shift, take a Commerce token."
Liz,Fox,Commerce,Scale Hand,mk_liz_scale_hand_1,character,AF-MAKER-01,1,Uncommon,AF-MAKER-01,1,2,4.29,"A short shift: 1 turn, 2 Supply."
Liz,Fox,Commerce,The Docket,mk_liz_the_docket_3,character,AF-MAKER-01,3,Common,AF-MAKER-01,2,2,3.61,"Upgrades Liz. Busy, pay 4 Supply: until the end of your turn, every card in the Capital City costs you 3 less."
Liz,Fox,Commerce,Weighbridge Keeper,mk_liz_weighbridge_keeper_4,character,AF-MAKER-01,4,Common,AF-MAKER-01,2,5,4.42,"Upgrades Liz. A steady shift: 2 turns, 5 Supply."
Liz,Fox,Commerce,Chief Assessor,mk_liz_chief_assessor_5,character,AF-MAKER-01,5,Uncommon,AF-MAKER-01,2,3,5.48,"Upgrades Liz. Busy, pay 5 Supply: until the end of your turn, Statues cost you 7 less."
Liza,Rabbit,Entertainment,Floor Singer,mk_liza_floor_singer_0,character,AF-MAKER-01,0,Common,AF-MAKER-01,1,1,2.22,"A short shift: 1 turn, 1 Supply."
Liza,Rabbit,Food,Counter Singer,mk_liza_counter_singer_1,character,AF-MAKER-01,1,Uncommon,AF-MAKER-01,1,1,3.86,Upgrades Liza. Busy: gain 1 Supply.
Liza,Rabbit,Entertainment,Top of the Bill,mk_liza_top_of_the_bill_3,character,AF-MAKER-01,3,Rare,AF-MAKER-01,2,3,5.2,"Upgrades Liza. When Liza becomes upright, ready one of your Characters."
Liza,Rabbit,Entertainment,Headliner,mk_liza_headliner_5,character,AF-MAKER-01,5,Uncommon,AF-MAKER-01,2,4,5.79,"Upgrades Liza. When Liza is recruited, you may recruit a Character costing 2 or less from your hand for free; it enters Busy."
Lynnette,Rabbit,Crafts,Night Printer,mk_lynnette_night_printer_0,character,AF-MAKER-01,0,Rare,AF-MAKER-01,1,1,3.41,"When Lynnette is recruited, your next recruit costs 1 less Supply, or 2 less if it upgrades a Character you already have."
Lynnette,Rabbit,Crafts,Bookbinder,mk_lynnette_bookbinder_1,character,AF-MAKER-01,1,Rare,AF-MAKER-01,1,1,4.33,"Upgrades Lynnette. When Lynnette completes a shift, your next recruit costs 1 less Supply, or 2 less if it upgrades a Character you already have."
Lynnette,Rabbit,Crafts,Press Feeder,mk_lynnette_press_feeder_2,character,AF-MAKER-01,2,Common,AF-MAKER-01,2,3,3.39,"Upgrades Lynnette. A steady shift: 2 turns, 3 Supply."
Lynnette,Rabbit,Lore,Lending Librarian,mk_lynnette_lending_librarian_3,character,AF-MAKER-01,3,Super Rare,AF-MAKER-01,2,3,5.43,"Upgrades Lynnette. When Lynnette is recruited, you may recruit a Character costing 1 or less from your hand for free; it enters Busy."
Lynnette,Rabbit,Crafts,Master Printer,mk_lynnette_master_printer_5,character,AF-MAKER-01,5,Uncommon,AF-MAKER-01,2,4,5.86,Upgrades Lynnette. Your Master Characters are ready a turn sooner. Busy: draw 1 card.
Mandee,Fox,Lore,Night Courier,mk_mandee_night_courier_1,character,AF-MAKER-01,1,Common,AF-MAKER-01,1,1,3.1,"Mandee always arrives upright. When you announce a purchase, look at the top card of the Market Deck."
Mandee,Fox,Science,Weather Watcher,mk_mandee_weather_watcher_2,character,AF-MAKER-01,2,Rare,AF-MAKER-01,1,2,4.86,Upgrades Mandee. Mandee always arrives upright. Recruit: one of your other Characters turns one step toward upright.
Mandee,Fox,Commerce,Moonlight Trader,mk_mandee_moonlight_trader_3,character,AF-MAKER-01,3,Uncommon,AF-MAKER-01,2,3,4.35,"Upgrades Mandee. Mandee always arrives upright. While Mandee is upright, your first bid each turn counts as 1 higher."
Mandee,Fox,Lore,Keeper of Tales,mk_mandee_keeper_of_tales_4,character,AF-MAKER-01,4,Rare,AF-MAKER-01,2,4,5.31,Upgrades Mandee. Mandee always arrives upright. Your Master Characters enter Busy rather than two turns from upright.
Maribel,Mouse,Agriculture,Seed Sorter,mk_maribel_seed_sorter_0,character,AF-MAKER-01,0,Common,AF-MAKER-01,1,1,2.22,"A short shift: 1 turn, 1 Supply."
Maribel,Mouse,Agriculture,Seed Keeper,mk_maribel_seed_keeper_1,character,AF-MAKER-01,1,Common,AF-MAKER-01,1,1,3.64,"When Maribel is recruited, your next Event needs one fewer Character."
Maribel,Mouse,Agriculture,Seed Bank Clerk,mk_maribel_seed_bank_clerk_2,character,AF-MAKER-01,2,Rare,AF-MAKER-01,1,2,4.9,"Upgrades Maribel. When Maribel completes a shift, you may return an Event from your Town Dump to your hand."
Maribel,Mouse,Science,Seed Vault Scientist,mk_maribel_seed_vault_scientist_3,character,AF-MAKER-01,3,Uncommon,AF-MAKER-01,2,3,4.16,Upgrades Maribel. The first Event you play each turn that requires Science lets you draw 1 card.
Maribel,Mouse,Agriculture,Horticulturist,mk_maribel_horticulturist_4,character,AF-MAKER-01,4,Rare,AF-MAKER-01,2,4,5.18,"Upgrades Maribel. The first Event you play each turn lets you draw 1 card, and if you control three Buildings or fewer, gain 1 Supply as well."
Maribel,Mouse,Civics,Seed Bank Director,mk_maribel_seed_bank_director_5,character,AF-MAKER-01,5,Common,AF-MAKER-01,2,5,5.23,"Upgrades Maribel. Once per turn, an Event you play requires one fewer Character. (This does not stack with the Statue of Ingenuity.)"
Marmalade,Cat,Food,Night Baker,mk_marmalade_night_baker_0,character,AF-MAKER-01,0,Rare,AF-MAKER-01,2,2,3.69,"A patient shift: 2 turns, then 2 Supply. When Marmalade completes a shift, your Characters advance an extra step at your next Ready."
Marmalade,Cat,Food,Dough Kneader,mk_marmalade_dough_kneader_1,character,AF-MAKER-01,1,Super Rare,AF-MAKER-01,1,2,5.11,"When Marmalade is recruited, your Characters advance an extra step at your next Ready."
Marmalade,Cat,Commerce,Market Baker,mk_marmalade_market_baker_2,character,AF-MAKER-01,2,Rare,AF-MAKER-01,1,2,4.99,"Upgrades Marmalade. When Marmalade is recruited, gain 1 Supply and your Characters advance an extra step at your next Ready."
Marmalade,Cat,Food,Neighborhood Baker,mk_marmalade_neighborhood_baker_3,character,AF-MAKER-01,3,Rare,AF-MAKER-01,2,3,4.77,"Upgrades Marmalade. When Marmalade becomes upright, you may feed a Character costing 2 or less in your Unemployment; it comes back to work Busy, for nothing."
Marmalade,Cat,Food,Oven Keeper,mk_marmalade_oven_keeper_4,character,AF-MAKER-01,4,Super Rare,AF-MAKER-01,2,4,5.46,"Upgrades Marmalade. At the start of your turn, if you control another Cat, gain 2 Supply."
Marmalade,Cat,Commerce,Baker to the Guilds,mk_marmalade_guild_baker_5,character,AF-MAKER-01,5,Legendary,AF-MAKER-01,2,5,8.37,"Upgrades Marmalade. A long shift: 2 turns, 5 Supply. At the start of your turn, one of your Characters turns one step toward upright, your Characters advance an extra step at your next Ready, and gain 1 Supply."
Marmalade,Cat,Food,Harvest Head Baker,mk_marmalade_harvest_head_baker_5,character,AF-MAKER-01,5,Rare,AF-MAKER-01,2,5,5.92,"Upgrades Marmalade. The first shift you complete each turn produces 1 extra Supply. Busy, once per game: Marmalade readies himself."
Mildred,Badger,Commerce,Counter Clerk,mk_mildred_counter_clerk_0,character,AF-MAKER-01,0,Uncommon,AF-MAKER-01,2,2,2.4,"A steady shift: 2 turns, 2 Supply."
Mildred,Badger,Commerce,Teller,mk_mildred_teller_2,character,AF-MAKER-01,2,Common,AF-MAKER-01,2,2,3.88,Upgrades Mildred. Every shift your opponent finishes pays 1 Supply less while Mildred is standing.
Mildred,Badger,Commerce,Chief Teller,mk_mildred_chief_teller_3,character,AF-MAKER-01,3,Uncommon,AF-MAKER-01,2,3,4.51,Upgrades Mildred. Every shift your opponent finishes pays 1 Supply less while Mildred is standing.
Mildred,Badger,Commerce,Branch Manager,mk_mildred_branch_manager_5,character,AF-MAKER-01,5,Super Rare,AF-MAKER-01,2,4,6.89,Upgrades Mildred. Every shift your opponent finishes pays 2 Supply less while Mildred is standing. Busy: rehire a Character from your Unemployment for 1 less Supply.
Mimi,Rabbit,Food,Trolley Service,mk_mimi_trolley_service_0,character,AF-MAKER-01,0,Rare,AF-MAKER-01,1,1,3.53,Busy: swap this card with any other Mimi in your hand.
Mimi,Rabbit,Civics,Safety Demonstration,mk_mimi_safety_demonstration_1,character,AF-MAKER-01,1,Uncommon,AF-MAKER-01,1,1,3.96,Busy: swap this card with any other Mimi in your hand.
Mimi,Rabbit,Science,Cabin Pressure Check,mk_mimi_cabin_pressure_check_2,character,AF-MAKER-01,2,Rare,AF-MAKER-01,1,2,4.85,Upgrades Mimi. Busy: swap this card with any other Mimi in your hand.
Mimi,Rabbit,Entertainment,Seat 1A Welcome,mk_mimi_seat_1a_welcome_3,character,AF-MAKER-01,3,Uncommon,AF-MAKER-01,2,2,4.6,"Upgrades Mimi. Busy: swap this card with any other Mimi in your hand. When Mimi finishes a shift, draw a card."
Mimi,Rabbit,Commerce,Purser,mk_mimi_purser_5,character,AF-MAKER-01,5,Super Rare,AF-MAKER-01,2,3,6.76,"Upgrades Mimi. Busy: swap this card with any other Mimi in your hand. Then, if you control another Rabbit, recruit a Character costing 1 or less from your hand for free."
Mittens,Cat,Lore,Rooftop Cat,mk_mittens_rooftop_cat_4,marketCharacter,AF-MAKER-01,4,Super Rare,AF-MAKER-01,2,4,5.67,"Hired from the Capital City; enters Busy. When Mittens becomes upright, look at the top two cards of your deck and put them back in any order. Busy, once per game: Mittens readies itself."
Morty,Badger,Crafts,The Boiler Test,mk_morty_the_boiler_test_0,character,AF-MAKER-01,0,Super Rare,AF-MAKER-01,2,1,3.96,"At the start of your turn, if you have raised two or more Buildings, gain 2 Supply."
Morty,Badger,Food,Mill Kitchen Cook,mk_morty_mill_kitchen_cook_1,character,AF-MAKER-01,1,Common,AF-MAKER-01,1,1,3.31,"When Morty is recruited, your town braces: the next shared shock passes it over."
Morty,Badger,Agriculture,Grain Miller,mk_morty_grain_miller_2,character,AF-MAKER-01,2,Common,AF-MAKER-01,2,3,3.39,"Upgrades Morty. A steady shift: 2 turns, 3 Supply."
Morty,Badger,Crafts,Watermill Mechanic,mk_morty_watermill_mechanic_3,character,AF-MAKER-01,3,Rare,AF-MAKER-01,2,3,5.19,"When Morty becomes upright, you may rehire a Character from your Unemployment for 2 less Supply."
Morty,Badger,Science,Steam Engineer,mk_morty_steam_engineer_4,character,AF-MAKER-01,4,Uncommon,AF-MAKER-01,2,4,4.68,"Upgrades Morty. When Morty becomes upright, your town braces: the next shared shock passes it over."
Morty,Badger,Crafts,Master Millwright,mk_morty_master_millwright_5,character,AF-MAKER-01,5,Common,AF-MAKER-01,3,6,4.71,Upgrades Morty. The first shift you complete each turn produces 1 extra Supply.
Moss,Badger,Crafts,Timber Hand,mk_moss_timber_hand_0,character,AF-MAKER-01,0,Common,AF-MAKER-01,1,1,2.22,"A short shift: 1 turn, 1 Supply."
Moss,Badger,Agriculture,Ploughwright,mk_moss_ploughwright_1,character,AF-MAKER-01,1,Common,AF-MAKER-01,1,1,3.31,"When Moss is recruited, your town braces: the next shared shock passes it over."
Moss,Badger,Crafts,Toolsmith,mk_moss_toolsmith_2,character,AF-MAKER-01,2,Uncommon,AF-MAKER-01,1,2,4.63,"When Moss completes a shift, Buildings cost you 1 less until your next turn."
Moss,Badger,Crafts,Guild Architect,mk_moss_guild_architect_3,character,AF-MAKER-01,3,Rare,AF-MAKER-01,2,3,5.19,"When Moss becomes upright, you may rehire a Character from your Unemployment for 2 less Supply."
Moss,Badger,Crafts,Rocketwright,mk_moss_rocketwright_4,character,AF-MAKER-01,4,Common,AF-MAKER-01,2,3,3.96,"Upgrades Moss. When Moss becomes upright, if you control Comet, gain 2 Supply."
Moss,Badger,Crafts,Bridgewright,mk_moss_bridgewright_5,character,AF-MAKER-01,5,Uncommon,AF-MAKER-01,3,6,5.48,Upgrades Moss. Busy: ready one of your Characters.
Nancy,Raccoon,Civics,Temp Agency Runner,mk_nancy_temp_agency_runner_0,character,AF-MAKER-01,0,Rare,AF-MAKER-01,1,1,3.08,"When Nancy is recruited, you may rehire a Character from your Unemployment for 1 less Supply."
Nancy,Raccoon,Civics,Temp Agency Manager,mk_nancy_temp_agency_manager_2,character,AF-MAKER-01,2,Super Rare,AF-MAKER-01,1,2,5.59,Upgrades Nancy. Busy: you may rehire a Character from your Unemployment for 2 less Supply.
Ned,Squirrel,Civics,The Ward Roll,mk_ned_the_ward_roll_0,character,AF-MAKER-01,0,Common,AF-MAKER-01,2,1,2.04,"Busy, pay 6 Supply: search your deck for a Character, take it into your hand, then shuffle."
Ned,Squirrel,Lore,Page Runner,mk_ned_page_runner_1,character,AF-MAKER-01,1,Super Rare,AF-MAKER-01,1,2,4.96,"When Ned completes a shift, put 1 Supply by on Ned."
Ned,Squirrel,Lore,Night Archivist,mk_ned_night_archivist_2,character,AF-MAKER-01,2,Uncommon,AF-MAKER-01,1,2,4.55,"Upgrades Ned. When Ned becomes upright, look at the top two cards of your deck and put them back in any order."
Ned,Squirrel,Civics,Ward Recorder,mk_ned_ward_recorder_3,character,AF-MAKER-01,3,Uncommon,AF-MAKER-01,2,3,4.16,Upgrades Ned. The first Event you play each turn that requires Civics lets you draw 1 card.
Ned,Squirrel,Lore,Reference Librarian,mk_ned_reference_librarian_4,character,AF-MAKER-01,4,Rare,AF-MAKER-01,2,4,5.21,"Upgrades Ned. When Ned becomes upright, look at the top three cards of your deck and put them back in any order. When Ned completes a shift, put 1 Supply by on Ned."
Ned,Squirrel,Civics,Chancellor of Records,mk_ned_chancellor_of_records_5,character,AF-MAKER-01,5,Common,AF-MAKER-01,2,4,5.33,Upgrades Ned. Busy: take every Supply your Characters have put by.
Oatmeal,Badger,Food,Sunday Table,mk_oatmeal_sunday_table_0,character,AF-MAKER-01,0,Common,AF-MAKER-01,1,1,2.22,"A short shift: 1 turn, 1 Supply."
Oatmeal,Badger,Civics,Ward Clerk,mk_oatmeal_ward_clerk_1,character,AF-MAKER-01,1,Rare,AF-MAKER-01,1,2,4.83,"When Oatmeal is recruited, your town braces: the next shared shock passes it over."
Oatmeal,Badger,Civics,Safety Inspector,mk_oatmeal_safety_inspector_2,character,AF-MAKER-01,2,Uncommon,AF-MAKER-01,1,2,4.58,Upgrades Oatmeal. Busy: your Characters cannot be sent to Unemployment by an effect until your next turn.
Oatmeal,Badger,Entertainment,Jazz Singer,mk_oatmeal_jazz_singer_3,character,AF-MAKER-01,3,Uncommon,AF-MAKER-01,2,3,4.33,"Upgrades Oatmeal. When Oatmeal becomes upright, the next 2 Supply an opponent's effect would take from you is not taken."
Oatmeal,Badger,Civics,Town Warden,mk_oatmeal_town_warden_4,character,AF-MAKER-01,4,Uncommon,AF-MAKER-01,2,4,4.84,"Upgrades Oatmeal. At the start of your turn, your town braces: the next shared shock passes it over."
Oatmeal,Badger,Civics,Borough Alderman,mk_oatmeal_alderman_5,character,AF-MAKER-01,5,Uncommon,AF-MAKER-01,2,4,5.59,"Upgrades Oatmeal. At the start of your turn, your town braces for the next shared shock, and your Characters cannot be sent to Unemployment by an effect until your next turn."
Orien,Badger,Science,Tally Clerk,mk_orien_tally_clerk_0,character,AF-MAKER-01,0,Rare,AF-MAKER-01,1,1,3.08,"When Orien completes a shift, your next recruit costs 1 less Supply."
Orien,Badger,Commerce,Rate Checker,mk_orien_rate_checker_2,character,AF-MAKER-01,2,Uncommon,AF-MAKER-01,1,2,4.53,"Upgrades Orien. When you announce a purchase, your challenges cost 1 less Supply until the end of your turn."
Orien,Badger,Civics,Borough Actuary,mk_orien_borough_actuary_3,character,AF-MAKER-01,3,Uncommon,AF-MAKER-01,2,3,4.42,Upgrades Orien. Busy: your next Building costs 1 less Supply.
Orien,Badger,Science,Survey Computer,mk_orien_survey_computer_4,character,AF-MAKER-01,4,Uncommon,AF-MAKER-01,2,4,4.92,"Upgrades Orien. While Orien is upright, every shift your Characters complete pays 1 more Supply."
Orien,Badger,Civics,Town Planner,mk_orien_town_planner_5,character,AF-MAKER-01,5,Rare,AF-MAKER-01,2,5,6.07,"Upgrades Orien. When Orien becomes upright, your next recruit costs 2 less Supply."
Osh,Mouse,Crafts,Sharpener's Boy,mk_osh_sharpener_s_boy_0,character,AF-MAKER-01,0,Common,AF-MAKER-01,1,1,2.22,"A short shift: 1 turn, 1 Supply."
Osh,Mouse,Crafts,Round Sharpener,mk_osh_round_sharpener_1,character,AF-MAKER-01,1,Uncommon,AF-MAKER-01,1,1,3.77,"When Osh is recruited, take a Crafts token. Busy: spend 2 Crafts tokens: ready one of your Characters."
Osh,Mouse,Crafts,Edge Grinder,mk_osh_edge_grinder_2,character,AF-MAKER-01,2,Common,AF-MAKER-01,2,3,3.39,"Upgrades Osh. A steady shift: 2 turns, 3 Supply."
Osh,Mouse,Entertainment,Fair Fiddler,mk_osh_fair_fiddler_3,character,AF-MAKER-01,3,Common,AF-MAKER-01,2,4,4.05,"A steady shift: 2 turns, 4 Supply."
Otter Pup,Otter,Food,Pup,mk_otter_pup_pup_0,character,AF-MAKER-01,0,Uncommon,AF-MAKER-01,3,1,2.3,"A very long shift: 3 turns, 1 Supply. Any Otter costing more than 1 may be played over Otter Pup as an upgrade, and pays as though Otter Pup cost 1."
Owlet,Owl,Lore,Owlet,mk_owlet_owlet_0,character,AF-MAKER-01,0,Uncommon,AF-MAKER-01,3,1,2.66,"A very long shift: 3 turns, 1 Supply. Any Owl costing more than 2 may be played over Owlet as an upgrade, and pays as though Owlet cost 2."
Patch,Raccoon,Commerce,Junkyard Diver,mk_patch_junkyard_diver_0,character,AF-MAKER-01,0,Rare,AF-MAKER-01,1,1,3.25,"When Patch completes a shift, your next Building costs 1 less Supply."
Patch,Raccoon,Agriculture,Compost Yard,mk_patch_compost_yard_1,character,AF-MAKER-01,1,Uncommon,AF-MAKER-01,1,2,4.29,"A short shift: 1 turn, 2 Supply."
Patch,Raccoon,Science,Salvage Sorter,mk_patch_salvage_sorter_2,character,AF-MAKER-01,2,Uncommon,AF-MAKER-01,1,2,4.39,"Upgrades Patch. When Patch is recruited, your next Building costs 1 less Supply."
Patch,Raccoon,Civics,Valuer,mk_patch_valuer_3,character,AF-MAKER-01,3,Rare,AF-MAKER-01,2,3,5.16,Upgrades Patch. Busy: take a Market card from the City Dump and gain it.
Patch,Raccoon,Crafts,Yard Foreman,mk_patch_yard_foreman_4,character,AF-MAKER-01,4,Uncommon,AF-MAKER-01,2,4,4.97,"Upgrades Patch. When Patch completes a shift, take a Market card from the City Dump and gain it."
Patch,Raccoon,Commerce,Reclamation Merchant,mk_patch_reclamation_merchant_5,character,AF-MAKER-01,5,Super Rare,AF-MAKER-01,2,4,6.8,"Upgrades Patch. Busy: pull one of your Buildings down and put a Building from the City Dump up in its place, then your next Building costs 1 less Supply."
Peanut,Squirrel,Commerce,Ledger Apprentice,mk_peanut_ledger_0,character,AF-MAKER-01,0,Uncommon,AF-MAKER-01,1,1,2.95,"When Peanut completes a shift, put 1 Supply by on Peanut."
Peanut,Squirrel,Food,Barista,mk_peanut_barista_1,character,AF-MAKER-01,1,Common,AF-MAKER-01,1,1,3.6,"Upgrades Peanut. Whenever one of your Characters finishes a shift, put 1 Supply by on Peanut."
Peanut,Squirrel,Commerce,Accountant,mk_peanut_accountant_2,character,AF-MAKER-01,2,Super Rare,AF-MAKER-01,1,2,5.69,Upgrades Peanut. Busy: take every Supply your Characters have put by.
Peanut,Squirrel,Food,Café Manager,mk_peanut_cafe_manager_4,character,AF-MAKER-01,4,Rare,AF-MAKER-01,2,4,5.14,"Upgrades Peanut. When you recruit a Character, put 1 Supply by on Peanut, draw 1 card, and your next Food or Commerce recruit costs 1 less."
Peanut,Squirrel,Commerce,Town Comptroller,mk_peanut_comptroller_5,character,AF-MAKER-01,5,Common,AF-MAKER-01,2,5,5.08,"Upgrades Peanut. Whenever one of your Characters finishes a shift, gain 1 Supply."
Pebble,Otter,Commerce,Crossing Hand,mk_pebble_crossing_hand_0,character,AF-MAKER-01,0,Uncommon,AF-MAKER-01,1,1,2.73,"When Pebble completes a shift, take an Otter token."
Pebble,Otter,Civics,Bridge Courier,mk_pebble_bridge_courier_1,character,AF-MAKER-01,1,Uncommon,AF-MAKER-01,1,1,3.86,"When Pebble is recruited, take an Otter token, and another Character you control is upright at the start of your next turn."
Pebble,Otter,Commerce,Ferry Master,mk_pebble_ferry_master_3,character,AF-MAKER-01,3,Super Rare,AF-MAKER-01,2,3,5.47,"Upgrades Pebble. Busy: move a shift from one of your Characters to another, then take an Otter token."
Pebble,Otter,Agriculture,Towpath Warden,mk_pebble_towpath_warden_4,character,AF-MAKER-01,4,Common,AF-MAKER-01,2,5,4.42,"A long shift: 2 turns, 5 Supply."
Pebble,Otter,Civics,Harbour Warden,mk_pebble_harbour_warden_5,character,AF-MAKER-01,5,Super Rare,AF-MAKER-01,2,5,7.12,"Upgrades Pebble. At the end of your turn, take an Otter token for each of your Characters who stood up this turn. When Pebble becomes upright, if you hold at least three Otter tokens, gain 2 Supply."
Peter,Rabbit,Agriculture,Hedge Cutter,mk_peter_hedge_cutter_0,character,AF-MAKER-01,0,Common,AF-MAKER-01,1,1,2.22,"A short shift: 1 turn, 1 Supply."
Peter,Rabbit,Food,Washing Up,mk_peter_washing_up_1,character,AF-MAKER-01,1,Uncommon,AF-MAKER-01,1,2,4.29,"A short shift: 1 turn, 2 Supply."
Peter,Rabbit,Agriculture,The Winter's Length,mk_peter_the_winters_length_2,character,AF-MAKER-01,2,Common,AF-MAKER-01,2,1,2.69,"Upgrades Peter. Whenever one of your Characters begins a shift, gain 1 Supply."
Peter,Rabbit,Agriculture,Hedgelayer,mk_peter_hedgelayer_3,character,AF-MAKER-01,3,Common,AF-MAKER-01,2,4,4.05,"Upgrades Peter. A steady shift: 2 turns, 4 Supply."
Pockets,Raccoon,Commerce,Four Times a Year,mk_pockets_four_times_a_year_0,character,AF-MAKER-01,0,Uncommon,AF-MAKER-01,1,1,2.75,"When Pockets is recruited, if you control Patch, take a card out of the City Dump."
Pockets,Raccoon,Commerce,Kerbside Dealer,mk_pockets_kerbside_dealer_1,character,AF-MAKER-01,1,Uncommon,AF-MAKER-01,1,1,4.02,"When Pockets completes a shift, you may return an Event from your Town Dump to your hand."
Pockets,Raccoon,Commerce,Odd-Lot Dealer,mk_pockets_odd_lot_dealer_3,character,AF-MAKER-01,3,Rare,AF-MAKER-01,2,3,5.03,"Upgrades Pockets. When Pockets is recruited, take a Market card from the City Dump and gain it, and you may take an Event out of your opponent's Town Dump into your hand."
Pockets,Raccoon,Commerce,Salvage Raccoon,mk_pockets_salvage_raccoon_4,marketCharacter,AF-MAKER-01,4,Rare,AF-MAKER-01,2,3,5.16,Hired from the Capital City; enters Busy. Busy: take a Market card from the City Dump and gain it.
Pockets,Raccoon,Commerce,A Quiet Arrangement,mk_pockets_a_quiet_arrangement_5,character,AF-MAKER-01,5,Common,AF-MAKER-01,2,3,4.02,"Upgrades Pockets. Busy, pay 7 Supply: send a Character of your rival’s costing 2 or less to Unemployment."
Quill,Hedgehog,Agriculture,Orchard Hand,mk_quill_orchard_hand_0,character,AF-MAKER-01,0,Super Rare,AF-MAKER-01,2,2,3.95,"When Quill is recruited, one of your Characters cannot be targeted by your opponent until your next turn."
Quill,Hedgehog,Agriculture,Orchard Keeper,mk_quill_orchard_keeper_2,character,AF-MAKER-01,2,Rare,AF-MAKER-01,1,2,4.8,"Upgrades Quill. While Quill is in town, your Characters cannot be sent to Unemployment by an effect."
Quill,Hedgehog,Food,Cider Maker,mk_quill_cider_maker_3,character,AF-MAKER-01,3,Legendary,AF-MAKER-01,2,3,6.85,"Upgrades Quill. When Quill becomes upright, gain 1 Supply and one of your other Characters cannot be targeted by your opponent until your next turn."
Quill,Hedgehog,Lore,Orchard Scribe,mk_quill_orchard_scribe_4,character,AF-MAKER-01,4,Super Rare,AF-MAKER-01,2,4,5.63,"Upgrades Quill. Busy: your Characters cannot be sent to Unemployment by an effect until your next turn, and you draw 1 card."
Quill,Hedgehog,Agriculture,Harvest Steward,mk_quill_harvest_steward_5,character,AF-MAKER-01,5,Legendary,AF-MAKER-01,2,7,8.44,"Upgrades Quill. When Quill becomes upright, one of your other Characters cannot be targeted by your opponent and your Characters cannot be sent to Unemployment by an effect until your next turn."
Quinn,Mouse,Civics,Meeting Scribe,mk_quinn_meeting_scribe_1,character,AF-MAKER-01,1,Uncommon,AF-MAKER-01,1,1,3.9,"When Quinn completes a shift, you may rehire a Character from your Unemployment for 1 less Supply."
Quinn,Mouse,Lore,Town Scrivener,mk_quinn_town_scrivener_3,marketCharacter,AF-MAKER-01,3,Super Rare,AF-MAKER-01,1,2,5.44,"Hired from the Capital City; enters Busy. When Quinn becomes upright, you may return an Event from your Town Dump to your hand."
Quinn,Mouse,Lore,Keeper of the Record,mk_quinn_keeper_of_the_record_5,character,AF-MAKER-01,5,Uncommon,AF-MAKER-01,2,4,5.69,"Upgrades Quinn. When Quinn becomes upright, you may rehire a Character from your Unemployment for free."
Raccoon Kit,Raccoon,Commerce,Kit,mk_raccoon_kit_kit_0,character,AF-MAKER-01,0,Uncommon,AF-MAKER-01,3,1,2.66,"A very long shift: 3 turns, 1 Supply. Any Raccoon costing more than 2 may be played over Raccoon Kit as an upgrade, and pays as though Raccoon Kit cost 2."
Reese,Raccoon,Science,Crop Duster,mk_reese_crop_duster_1,character,AF-MAKER-01,1,Super Rare,AF-MAKER-01,1,1,4.99,Busy: take a Market card from the City Dump into your hand.
Reese,Raccoon,Science,Charter Pilot,mk_reese_charter_pilot_3,character,AF-MAKER-01,3,Rare,AF-MAKER-01,2,3,5.21,"Upgrades Reese. Busy: draw 2 cards, then discard 1 card."
Reese,Raccoon,Science,Chief Pilot,mk_reese_chief_pilot_5,character,AF-MAKER-01,5,Rare,AF-MAKER-01,2,4,6.51,"Upgrades Reese. Busy: take a Market card from the City Dump into your hand, then draw a card."
Robbie,Badger,Lore,Cub Reporter,mk_robbie_cub_reporter_0,character,AF-MAKER-01,0,Uncommon,AF-MAKER-01,1,1,2.6,"When Robbie is recruited, look at the top two cards of the Market Deck."
Robbie,Badger,Civics,Columnist,mk_robbie_columnist_1,character,AF-MAKER-01,1,Rare,AF-MAKER-01,1,1,4.68,"Upgrades Robbie. When Robbie becomes upright, look at the top two cards of the Market Deck and put them back in any order."
Robbie,Badger,Lore,Features Writer,mk_robbie_features_writer_2,character,AF-MAKER-01,2,Super Rare,AF-MAKER-01,1,2,5.32,Upgrades Robbie. Busy: look at the top two cards of the Market Deck and put them back in any order.
Robbie,Badger,Civics,Editor,mk_robbie_editor_3,character,AF-MAKER-01,3,Super Rare,AF-MAKER-01,2,3,5.42,"Upgrades Robbie. At the start of your turn, the next card revealed in the Capital City does not affect you, and look at the top two cards of the Market Deck."
Robbie,Badger,Lore,Editor-in-Chief,mk_robbie_editor_in_chief_5,character,AF-MAKER-01,5,Super Rare,AF-MAKER-01,2,3,7.38,"Upgrades Robbie. A patient shift: 2 turns, 3 Supply. At the start of your turn, look at the top two cards of the Market Deck, put one of them to the bottom, and the next card revealed in the Capital City does not affect you."
Roger,Fox,Entertainment,Fair Day Judge,mk_roger_fair_day_judge_0,character,AF-MAKER-01,0,Uncommon,AF-MAKER-01,1,1,2.97,"When Roger is recruited, somebody else tosses the ha'penny: heads, gain 1 Supply; tails, draw a card."
Roger,Fox,Crafts,Locksmith,mk_roger_locksmith_1,character,AF-MAKER-01,1,Common,AF-MAKER-01,1,1,3.31,"Whenever a bid of yours is tied, gain 1 Supply."
Roger,Fox,Commerce,Records Clerk,mk_roger_records_clerk_2,character,AF-MAKER-01,2,Common,AF-MAKER-01,2,3,3.95,"Upgrades Roger. When you announce a purchase, look at the top 2 cards of the Market Deck."
Roger,Fox,Civics,Circuit Judge,mk_roger_circuit_judge_3,character,AF-MAKER-01,3,Uncommon,AF-MAKER-01,2,3,4.24,"Upgrades Roger. Whenever a bid of yours is tied, gain 2 Supply."
Roger,Fox,Commerce,Fair Broker,mk_roger_fair_broker_4,character,AF-MAKER-01,4,Common,AF-MAKER-01,2,4,4.32,"Upgrades Roger. Whenever a bid of yours is tied, toss Roger's ha'penny: heads, raise one of your open bids by 2; tails, gain 2 Supply."
Roger,Fox,Civics,Ombudsman,mk_roger_ombudsman_5,character,AF-MAKER-01,5,Uncommon,AF-MAKER-01,2,5,5.46,"Upgrades Roger. Your challenge bids win ties. Whenever a bid of yours is tied, gain 1 Supply."
Rosabeth,Mouse,Agriculture,Herb Gatherer,mk_rosabeth_herb_gatherer_0,character,AF-MAKER-01,0,Rare,AF-MAKER-01,1,1,3.08,"When Rosabeth completes a shift, rehiring a Character from your Unemployment costs 1 less until your next turn."
Rosabeth,Mouse,Agriculture,Garden Hand,mk_rosabeth_garden_hand_1,character,AF-MAKER-01,1,Uncommon,AF-MAKER-01,1,2,4.29,"Upgrades Rosabeth. A short shift: 1 turn, 2 Supply."
Rosabeth,Mouse,Science,Tincture Maker,mk_rosabeth_tincture_maker_2,character,AF-MAKER-01,2,Uncommon,AF-MAKER-01,1,2,4.5,"Upgrades Rosabeth. When Rosabeth is recruited, you may rehire a Character from your Unemployment for 1 less Supply."
Rosabeth,Mouse,Civics,Apothecary,mk_rosabeth_apothecary_3,character,AF-MAKER-01,3,Rare,AF-MAKER-01,2,3,4.77,Upgrades Rosabeth. Busy: return an Event from your Town Dump to your hand.
Rosabeth,Mouse,Commerce,Tincture Counter,mk_rosabeth_tincture_counter_4,character,AF-MAKER-01,4,Common,AF-MAKER-01,2,5,4.42,"A long shift: 2 turns, 5 Supply."
Rosabeth,Mouse,Lore,Herbalist Physician,mk_rosabeth_herbalist_physician_5,character,AF-MAKER-01,5,Uncommon,AF-MAKER-01,2,2,5.62,"Upgrades Rosabeth. When Rosabeth becomes upright, you may rehire an Agriculture Character from your Unemployment for free, then draw 1 card."
Sage,Owl,Science,Night Assistant,mk_sage_night_assistant_0,character,AF-MAKER-01,0,Super Rare,AF-MAKER-01,1,2,4.43,Recruit: look at the top two cards of your deck and put any of them on the bottom.
Sage,Owl,Agriculture,Frost Watch,mk_sage_frost_watch_2,character,AF-MAKER-01,2,Rare,AF-MAKER-01,2,5,4.83,"A steady shift: 2 turns, 3 Supply."
Sage,Owl,Science,Astronomer,mk_sage_astronomer_3,character,AF-MAKER-01,3,Rare,AF-MAKER-01,2,3,5.01,"Upgrades Sage. When Sage becomes upright, look at the top two cards of the Market Deck, then look at the top two cards of your deck and put any of them on the bottom."
Sage,Owl,Science,The Watch List,mk_sage_the_watch_list_4,character,AF-MAKER-01,4,Rare,AF-MAKER-01,2,3,5.1,Upgrades Sage. Busy: look at the top three cards of the Market Deck and put them back in any order.
Sage,Owl,Science,Royal Astronomer,mk_sage_royal_astronomer_5,character,AF-MAKER-01,5,Rare,AF-MAKER-01,2,3,6.49,"Upgrades Sage. At the start of your turn, look at the top three cards of the Market Deck and put them back in any order, then look at the top two cards of your deck and put any of them on the bottom."
Scott,Squirrel,Lore,Story Collector,mk_scott_story_collector_0,character,AF-MAKER-01,0,Super Rare,AF-MAKER-01,1,1,4.03,"When Scott completes a shift, put 2 Supply by on Scott, then look at the top card of the Market Deck."
Scott,Squirrel,Lore,The Index,mk_scott_the_index_1,character,AF-MAKER-01,1,Common,AF-MAKER-01,2,1,3.09,"Upgrades Scott. Busy, pay 4 Supply: search your deck for an Event, take it into your hand, then shuffle."
Scott,Squirrel,Commerce,Pamphleteer,mk_scott_pamphleteer_2,character,AF-MAKER-01,2,Rare,AF-MAKER-01,1,2,4.91,"Upgrades Scott. When Scott becomes upright, look at the top 3 cards of your deck and put them back in any order."
Scott,Squirrel,Lore,Town Chronicler,mk_scott_town_chronicler_3,character,AF-MAKER-01,3,Rare,AF-MAKER-01,2,3,4.77,"Upgrades Scott. When Scott becomes upright, look at the top 3 cards of your deck and put them back in any order, then look at the top card of the Market Deck."
Scott,Squirrel,Science,Natural Historian,mk_scott_natural_historian_4,character,AF-MAKER-01,4,Super Rare,AF-MAKER-01,2,3,5.59,"Upgrades Scott. When Scott becomes upright, look at the top 3 cards of your deck and put them back in any order, then put 2 Supply by on Scott."
Scott,Squirrel,Lore,Author of the Boroughs,mk_scott_author_of_the_boroughs_5,character,AF-MAKER-01,5,Super Rare,AF-MAKER-01,2,5,6.75,"Upgrades Scott. When Scott becomes upright, take every Supply your Characters have put by, then look at the top two cards of the Market Deck."
Shay,Owl,Entertainment,Sunday Painter,mk_shay_sunday_painter_0,character,AF-MAKER-01,0,Common,AF-MAKER-01,1,1,2.22,"A short shift: 1 turn, 1 Supply."
Shay,Owl,Science,Ward Doctor,mk_shay_ward_doctor_1,character,AF-MAKER-01,1,Rare,AF-MAKER-01,1,1,4.4,Busy: one of your Characters turns one step toward upright.
Shay,Owl,Science,Borough Physician,mk_shay_borough_physician_2,character,AF-MAKER-01,2,Uncommon,AF-MAKER-01,1,2,4.39,Upgrades Shay. Busy: one of your Characters and one of your opponent's Characters each turn one step toward upright.
Shay,Owl,Entertainment,Market-Stall Painter,mk_shay_market_stall_painter_3,character,AF-MAKER-01,3,Rare,AF-MAKER-01,2,4,5,"Upgrades Shay. When Shay finishes a shift, draw a card."
Shay,Owl,Science,Chief Physician,mk_shay_chief_physician_5,character,AF-MAKER-01,5,Uncommon,AF-MAKER-01,2,4,5.4,"Upgrades Shay. Busy: one of your Characters and one of your opponent's Characters each turn one step toward upright, then draw a card."
Sota,Cat,Civics,Touchline Assistant,mk_sota_touchline_assistant_0,character,AF-MAKER-01,0,Uncommon,AF-MAKER-01,1,1,2.9,"At the start of your turn, if you control Teresa, gain 1 Supply."
Sota,Cat,Science,Lens Grinder,mk_sota_lens_grinder_1,character,AF-MAKER-01,1,Uncommon,AF-MAKER-01,1,2,4.29,"A short shift: 1 turn, 2 Supply."
Sota,Cat,Civics,Assistant Coach,mk_sota_assistant_coach_2,character,AF-MAKER-01,2,Rare,AF-MAKER-01,1,2,4.85,"Upgrades Sota. Busy: Sota stands up, once per game, even from the wrong side of upright."
Sota,Cat,Science,Telescope Fitter,mk_sota_telescope_fitter_3,character,AF-MAKER-01,3,Common,AF-MAKER-01,2,4,4.05,"Upgrades Sota. A steady shift: 2 turns, 4 Supply."
Sota,Cat,Science,The Same Bench,mk_sota_the_same_bench_4,character,AF-MAKER-01,4,Common,AF-MAKER-01,2,4,4.36,"Upgrades Sota. At the start of your turn, if you control Sage, look at the top 2 cards of your deck and you may send them to your Town Dump."
Squirrel Kit,Squirrel,Science,Kit,mk_squirrel_kit_kit_0,character,AF-MAKER-01,0,Uncommon,AF-MAKER-01,3,1,2.3,"A very long shift: 3 turns, 1 Supply. Any Squirrel costing more than 1 may be played over Squirrel Kit as an upgrade, and pays as though Squirrel Kit cost 1."
Squirt,Squirrel,Civics,Playground Monitor,mk_squirt_playground_monitor_1,character,AF-MAKER-01,1,Uncommon,AF-MAKER-01,1,1,3.96,Busy: swap this card with Dirt or Squirt in your hand. The post is not lost and nothing is paid.
Squirt,Squirrel,Civics,"Schoolteacher, Lower Room",mk_squirt_schoolteacher_lower_room_2,character,AF-MAKER-01,2,Rare,AF-MAKER-01,1,2,4.85,Upgrades Squirt. Busy: swap this card with Dirt or Squirt in your hand. The post is not lost and nothing is paid.
Squirt,Squirrel,Civics,"Borough Eleven, Left Wing",mk_squirt_borough_eleven_left_wing_4,character,AF-MAKER-01,4,Rare,AF-MAKER-01,2,3,5.15,"Upgrades Squirt. Busy: swap this card with Dirt or Squirt in your hand. The post is not lost and nothing is paid. When Squirt finishes a shift, one of your other Characters is readied."
Squirt,Squirrel,Civics,Club Captain,mk_squirt_club_captain_5,character,AF-MAKER-01,5,Uncommon,AF-MAKER-01,2,4,5.46,"Upgrades Squirt. Busy: swap this card with Dirt or Squirt in your hand. The post is not lost and nothing is paid. When Squirt finishes a shift, one of your other Characters turns one step toward upright."
Tabitha,Hedgehog,Entertainment,Festival Photographer,mk_tabitha_festival_photographer_0,character,AF-MAKER-01,0,Common,AF-MAKER-01,1,1,2.22,"A short shift: 1 turn, 1 Supply."
Tabitha,Hedgehog,Science,Lens Apprentice,mk_tabitha_lens_apprentice_1,character,AF-MAKER-01,1,Uncommon,AF-MAKER-01,1,2,4.29,"A short shift: 1 turn, 2 Supply."
Tabitha,Hedgehog,Entertainment,Videographer,mk_tabitha_videographer_2,character,AF-MAKER-01,2,Super Rare,AF-MAKER-01,1,2,5.16,"Upgrades Tabitha. When Tabitha becomes upright, put one of your opponent's Characters back to work."
Tabitha,Hedgehog,Science,Optics Scientist,mk_tabitha_optics_scientist_4,character,AF-MAKER-01,4,Super Rare,AF-MAKER-01,2,4,5.82,"Upgrades Tabitha. When Tabitha becomes upright, put one of your opponent's Characters back to work, then gain 1 Supply."
Tabitha,Hedgehog,Entertainment,Camerawoman,mk_tabitha_camerawoman_5,character,AF-MAKER-01,5,Rare,AF-MAKER-01,2,4,5.99,"Upgrades Tabitha. When Tabitha becomes upright, put up to 2 of your opponent's Characters back to work."
Taco,Otter,Food,Cart Cook,mk_taco_cart_cook_1,character,AF-MAKER-01,1,Uncommon,AF-MAKER-01,1,2,4.29,"A short shift: 1 turn, 2 Supply."
Taco,Otter,Food,The Four O’Clock Cart,mk_taco_the_four_oclock_cart_2,character,AF-MAKER-01,2,Super Rare,AF-MAKER-01,2,2,5.92,Upgrades Taco. Busy: gain 5 Supply. Your Characters do not advance at your next Ready phase.
Taco,Otter,Food,Quayside Cook,mk_taco_quayside_cook_3,character,AF-MAKER-01,3,Common,AF-MAKER-01,2,4,4.05,"Upgrades Taco. A steady shift: 2 turns, 4 Supply."
Teresa,Mouse,Food,Pepper Grower,mk_teresa_pepper_grower_0,character,AF-MAKER-01,0,Common,AF-MAKER-01,1,1,2.22,"A short shift: 1 turn, 1 Supply."
Teresa,Mouse,Civics,Touchline Coach,mk_teresa_touchline_coach_1,character,AF-MAKER-01,1,Uncommon,AF-MAKER-01,1,2,4.29,"Busy: one of your opponent's Characters is put back to work — and so is Teresa, again."
Teresa,Mouse,Food,Pepper Stall,mk_teresa_pepper_stall_2,character,AF-MAKER-01,2,Uncommon,AF-MAKER-01,1,1,4.02,Upgrades Teresa. Busy: take an Event from your Town Dump into your hand.
Teresa,Mouse,Civics,Head Coach,mk_teresa_head_coach_3,character,AF-MAKER-01,3,Common,AF-MAKER-01,2,3,3.36,"Upgrades Teresa. Busy: two of your opponent's Characters are put back to work, and Teresa is put back to work twice over."
Teresa,Mouse,Civics,Coach of the Borough Eleven,mk_teresa_coach_of_the_borough_eleven_5,character,AF-MAKER-01,5,Common,AF-MAKER-01,2,4,4.94,Upgrades Teresa. Busy: two of your opponent's Characters are put back to work and you draw a card. Teresa is put back to work twice over.
The Anonymous Scribe,Badger,Lore,Anonymous Scribe,mk_anonymous_scribe_2,character,AF-MAKER-01,2,Common,AF-MAKER-01,2,2,3.37,"Any Character who works in Lore and costs more may be played over this card as an upgrade, whatever their name. A slow shift: 2 turns, 2 Supply."
The Cloaked Tradesman,Mouse,Commerce,Cloaked Tradesman,mk_cloaked_tradesman_1,character,AF-MAKER-01,1,Common,AF-MAKER-01,1,1,3.58,"Any Character who works in Commerce and costs more may be played over this card as an upgrade, whatever their name. A short shift: 1 turn, 1 Supply."
The Cowled Fox,Fox,Agriculture,Hand in the Far Field,mk_cowled_fox_far_field_hand_1,character,AF-MAKER-01,1,Common,AF-MAKER-01,1,1,3.42,"Any Fox costing more may be played over this card as an upgrade, whatever their name. A short shift: 1 turn, 1 Supply."
The Curtained Performer,Cat,Entertainment,Curtained Performer,mk_curtained_performer_2,character,AF-MAKER-01,2,Common,AF-MAKER-01,2,2,3.37,"Any Character who works in Entertainment and costs more may be played over this card as an upgrade, whatever their name. A slow shift: 2 turns, 2 Supply."
The Faceless Clerk,Squirrel,Civics,Faceless Clerk,mk_faceless_clerk_0,character,AF-MAKER-01,0,Rare,AF-MAKER-01,1,1,3.12,"Any Character who works in Civics and costs more may be played over this card as an upgrade, whatever their name. A short shift: 1 turn, 1 Supply."
The Hooded Rabbit,Rabbit,Food,Hand at the Hatch,mk_hooded_rabbit_hatch_hand_0,character,AF-MAKER-01,0,Uncommon,AF-MAKER-01,1,1,2.94,"Any Rabbit costing more may be played over this card as an upgrade, whatever their name. A short shift: 1 turn, 1 Supply."
The Masked Otter,Otter,Commerce,Hand at the Counter,mk_masked_otter_counter_hand_1,character,AF-MAKER-01,1,Common,AF-MAKER-01,1,1,3.42,"Any Otter costing more may be played over this card as an upgrade, whatever their name. A short shift: 1 turn, 1 Supply."
The Muffled Hedgehog,Hedgehog,Commerce,Hand at the Stall,mk_muffled_hedgehog_stall_hand_0,character,AF-MAKER-01,0,Uncommon,AF-MAKER-01,1,1,2.94,"Any Hedgehog costing more may be played over this card as an upgrade, whatever their name. A short shift: 1 turn, 1 Supply."
The Mysterious Raccoon,Raccoon,Agriculture,Hand on the Beds,mk_mysterious_raccoon_beds_hand_2,character,AF-MAKER-01,2,Common,AF-MAKER-01,2,2,3.23,"Any Raccoon costing more may be played over this card as an upgrade, whatever their name. A slow shift: 2 turns, 2 Supply."
The Nameless Cat,Cat,Science,Hand at the Glass,mk_nameless_cat_glass_hand_2,character,AF-MAKER-01,2,Common,AF-MAKER-01,2,2,3.23,"Any Cat costing more may be played over this card as an upgrade, whatever their name. A slow shift: 2 turns, 2 Supply."
The Obscured Observer,Fox,Science,Obscured Observer,mk_obscured_observer_1,character,AF-MAKER-01,1,Common,AF-MAKER-01,1,1,3.58,"Any Character who works in Science and costs more may be played over this card as an upgrade, whatever their name. A short shift: 1 turn, 1 Supply."
The Shadowed Squirrel,Squirrel,Entertainment,Hand at the Back of the Hall,mk_shadowed_squirrel_hall_hand_1,character,AF-MAKER-01,1,Common,AF-MAKER-01,1,1,3.42,"Any Squirrel costing more may be played over this card as an upgrade, whatever their name. A short shift: 1 turn, 1 Supply."
The Shrouded Badger,Badger,Crafts,Hand at the Bench,mk_shrouded_badger_bench_hand_2,character,AF-MAKER-01,2,Common,AF-MAKER-01,2,2,3.23,"Any Badger costing more may be played over this card as an upgrade, whatever their name. A slow shift: 2 turns, 2 Supply."
The Silhouetted Owl,Owl,Commerce,Hand at the Scales,mk_silhouetted_owl_scales_hand_0,character,AF-MAKER-01,0,Uncommon,AF-MAKER-01,1,1,2.94,"Any Owl costing more may be played over this card as an upgrade, whatever their name. A short shift: 1 turn, 1 Supply."
The Unknown Cook,Raccoon,Food,Unknown Cook,mk_unknown_cook_0,character,AF-MAKER-01,0,Rare,AF-MAKER-01,1,1,3.12,"Any Character who works in Food and costs more may be played over this card as an upgrade, whatever their name. A short shift: 1 turn, 1 Supply."
The Unlisted Grower,Otter,Agriculture,Unlisted Grower,mk_unlisted_grower_2,character,AF-MAKER-01,2,Common,AF-MAKER-01,2,2,3.37,"Any Character who works in Agriculture and costs more may be played over this card as an upgrade, whatever their name. A slow shift: 2 turns, 2 Supply."
The Unsigned Mouse,Mouse,Lore,Hand at the Shelves,mk_unsigned_mouse_shelves_hand_1,character,AF-MAKER-01,1,Common,AF-MAKER-01,1,1,3.42,"Any Mouse costing more may be played over this card as an upgrade, whatever their name. A short shift: 1 turn, 1 Supply."
The Veiled Wright,Owl,Crafts,Veiled Wright,mk_veiled_wright_0,character,AF-MAKER-01,0,Rare,AF-MAKER-01,1,1,3.12,"Any Character who works in Crafts and costs more may be played over this card as an upgrade, whatever their name. A short shift: 1 turn, 1 Supply."
Thistle,Badger,Entertainment,At the Back by the Door,mk_thistle_at_the_back_0,character,AF-MAKER-01,0,Super Rare,AF-MAKER-01,1,1,3.99,"At the start of your turn, if you control an Entertainment Character, one of your Characters turns one step toward upright."
Thistle,Badger,Lore,Almanac Keeper,mk_thistle_almanac_keeper_1,character,AF-MAKER-01,1,Uncommon,AF-MAKER-01,1,1,3.86,Busy: your town braces: the next shared shock passes it over.
Thistle,Badger,Agriculture,Field Hand,mk_thistle_field_hand_2,character,AF-MAKER-01,2,Uncommon,AF-MAKER-01,2,2,4.12,"Upgrades Thistle. At the start of your turn, your next shift pays 1 more Supply."
Thistle,Badger,Agriculture,Grange Warden,mk_thistle_grange_warden_3,character,AF-MAKER-01,3,Uncommon,AF-MAKER-01,2,3,4.16,"Upgrades Thistle. Whenever one of your Characters completes a shift, gain 1 Supply."
Thistle,Badger,Civics,Field Surveyor,mk_thistle_field_surveyor_4,character,AF-MAKER-01,4,Common,AF-MAKER-01,2,3,4.3,"Upgrades Thistle. While Thistle is upright, every shift your town finishes pays 1 more Supply."
Thistle,Badger,Agriculture,Grange Elder,mk_thistle_grange_elder_5,character,AF-MAKER-01,5,Rare,AF-MAKER-01,3,6,6.17,"Upgrades Thistle. While Thistle is upright, every shift your town finishes pays 2 more Supply."
Tuppence,Squirrel,Commerce,Cart Boy,mk_tuppence_cart_boy_1,character,AF-MAKER-01,1,Rare,AF-MAKER-01,1,1,4.83,"When Tuppence is recruited, take a Squirrel token. Busy, if you hold at least 4 Squirrel tokens: gain 2 Supply."
Tuppence,Squirrel,Commerce,Curio Dealer,mk_tuppence_curio_dealer_3,marketCharacter,AF-MAKER-01,3,Rare,AF-MAKER-01,1,1,5.1,"Hired from the Capital City; enters Busy. At the start of your turn, Buildings cost you 1 less. When Tuppence completes a shift, put 2 Supply by on Tuppence."
Tuppence,Squirrel,Commerce,Sold Before the Cart,mk_tuppence_sold_before_the_cart_4,character,AF-MAKER-01,4,Common,AF-MAKER-01,2,2,4.16,Upgrades Tuppence. Busy: your next announcement in the Capital City cannot be raised against.
Velvet,Cat,Civics,Counter Clerk,mk_velvet_counter_clerk_1,character,AF-MAKER-01,1,Super Rare,AF-MAKER-01,1,2,4.94,"When Velvet is recruited, Buildings cost you 1 less until your next turn."
Velvet,Cat,Lore,Notary,mk_velvet_notary_2,character,AF-MAKER-01,2,Common,AF-MAKER-01,1,1,3.55,"Upgrades Velvet. Busy, once per game: Velvet readies himself."
Velvet,Cat,Civics,Neighborhood Registrar,mk_velvet_neighborhood_registrar_3,character,AF-MAKER-01,3,Uncommon,AF-MAKER-01,2,3,4.74,"Upgrades Velvet. At the start of your turn, Buildings cost you 1 less."
Velvet,Cat,Science,Surveyor of Works,mk_velvet_surveyor_of_works_4,character,AF-MAKER-01,4,Rare,AF-MAKER-01,2,3,5.35,Upgrades Velvet. Busy: take down one of your Buildings and raise a Building from the City Dump in its place.
Velvet,Cat,Civics,Clerk of the Works,mk_velvet_clerk_of_the_works_5,character,AF-MAKER-01,5,Super Rare,AF-MAKER-01,2,4,6.78,"Upgrades Velvet. At the start of your turn, Buildings cost you 1 less, and 1 less again for every Building you have raised, up to 3 more."
Willow,Otter,Commerce,The Harbour Office,mk_willow_the_harbour_office_0,character,AF-MAKER-01,0,Uncommon,AF-MAKER-01,2,1,2.37,"Busy, pay 10 Supply: send a Character of your rival’s to Unemployment."
Willow,Otter,Commerce,Ferry Trader,mk_willow_ferry_trader_1,character,AF-MAKER-01,1,Common,AF-MAKER-01,2,2,3.69,"When Willow is recruited, another Character you control is upright at the start of your next turn."
Willow,Otter,Commerce,Toll Keeper,mk_willow_toll_keeper_2,character,AF-MAKER-01,2,Rare,AF-MAKER-01,1,2,4.77,"Upgrades Willow. When Willow completes a shift, your opponent puts a card from their hand on top of their deck."
Willow,Otter,Science,Tide Reckoner,mk_willow_tide_reckoner_3,character,AF-MAKER-01,3,Rare,AF-MAKER-01,2,3,4.95,Upgrades Willow. Busy: move a shift from one of your Characters to another.
Willow,Otter,Commerce,Harbourmaster,mk_willow_harbourmaster_4,character,AF-MAKER-01,4,Uncommon,AF-MAKER-01,2,4,5.03,"Upgrades Willow. When Willow becomes upright, your opponent chooses: lose 2 Supply, or put a card from their hand on top of their deck."
Willow,Otter,Civics,Harbour Admiral,mk_willow_harbour_admiral_5,character,AF-MAKER-01,5,Rare,AF-MAKER-01,3,6,6.12,"Upgrades Willow. Whenever you gain a non-Statue Capital City card, gain 2 Supply. At the start of your turn, your opponent chooses: lose 3 Supply, or one of their Characters is put back to work."
Winter,Owl,Entertainment,Segment Runner,mk_winter_segment_runner_0,character,AF-MAKER-01,0,Common,AF-MAKER-01,1,1,2.22,"A short shift: 1 turn, 1 Supply."
Winter,Owl,Science,Turned-Down Applicant,mk_winter_turned_down_applicant_1,character,AF-MAKER-01,1,Common,AF-MAKER-01,1,1,2.77,"A short shift: 1 turn, 1 Supply."
Winter,Owl,Entertainment,Science Show Host,mk_winter_science_show_host_2,character,AF-MAKER-01,2,Uncommon,AF-MAKER-01,1,2,4.58,Upgrades Winter. Busy: look at the top 2 cards of the Market Deck.
Winter,Owl,Science,Head Science Producer,mk_winter_head_science_producer_4,character,AF-MAKER-01,4,Rare,AF-MAKER-01,2,4,5.2,"Upgrades Winter. When Winter becomes upright, look at the top 2 cards of the Market Deck and put them back in whichever order you choose."
Winter,Owl,Entertainment,Everyone's Favorite TV Scientist,mk_winter_tv_scientist_5,character,AF-MAKER-01,5,Common,AF-MAKER-01,2,5,5,"Upgrades Winter. While Winter is upright, the Capital City deals one extra stall."
Yellow,Squirrel,Entertainment,Open Mic Regular,mk_yellow_open_mic_regular_1,character,AF-MAKER-01,1,Super Rare,AF-MAKER-01,1,2,5.7,"When Yellow is recruited, Yellow cannot be targeted by an opponent's effect until your next turn."
Yellow,Squirrel,Entertainment,Freshest Thing in a Small Town,mk_yellow_freshest_thing_4,character,AF-MAKER-01,4,Common,AF-MAKER-01,2,4,4.44,Upgrades Yellow. Yellow cannot be sent to Unemployment.
Yellow,Squirrel,Entertainment,Rapper,mk_yellow_rapper_5,character,AF-MAKER-01,5,Legendary,AF-MAKER-01,2,5,8.73,"Upgrades Yellow. A long shift: 2 turns, 5 Supply. Yellow cannot be sent to Unemployment. When Yellow is recruited, another Character you control cannot be targeted by an opponent until your turn after next. At the start of your turn, draw 1 card and gain 1 Supply."
